url,name,brand,sku,original_price,member_price,discount,stock,image
https://www.watsons.com.tr/palette-deluxe-uil-ultra-yogun-renk-acici/p/BP_114255,Palette Deluxe Uil Ultra Yoğun Renk Açıcı,PALETTE,114255,"539,90 ₺","379,90 ₺",N/A,Tükendi,https://media.watsons.com.tr/medias/sys_master/prd-images/hac/ha1/12124624814110/prd-front-114255_1200x1200/prd-front-114255-1200x1200.jpg
https://www.watsons.com.tr/rebul-aqua-kolonya-50-ml/p/BP_168679,Rebul Aqua Kolonya 50 ml,REBUL,168679,"84,95 ₺",N/A,N/A,Tükendi,https://media.watsons.com.tr/medias/sys_master/prd-images/h12/he9/14189101449246/prd-front-168679_1200x1200/prd-front-168679-1200x1200.jpg
https://www.watsons.com.tr/herschel-free-spirit-body-mist-150-ml/p/BP_1381688,Herschel Free Spirit Body Mist 150 ml,HERSCHEL,1381688,"449,90 ₺","269,90 ₺",,Tükendi,https://media.watsons.com.tr/medias/sys_master/prd-images/h14/h18/9991232094238/prd-front-1381688_1200x1200/prd-front-1381688-1200x1200.jpg
https://www.watsons.com.tr/i-heart-revolution-grapefruit-kas-serumu-jeli/p/BP_1442987,I Heart Revolution Grapefruit Kaş Serumu &amp; Jeli,I HEART REVOLUTION,1442987,"1.064,90 ₺","339,90 ₺",,Tükendi,https://media.watsons.com.tr/medias/sys_master/prd-images/h25/he6/12761418203166/prd-front-1442987_1200x1200/prd-front-1442987-1200x1200.jpg
https://www.watsons.com.tr/molped-supernight-super-ekonomik-uzun-ped-18-adet/p/BP_1352750,Molped Supernight Süper Ekonomik Uzun Ped 18 Adet,MOLPED,1352750,"288,90 ₺","144,90 ₺",N/A,Tükendi,https://media.watsons.com.tr/medias/sys_master/prd-images/haa/h54/9326283554846/prd-front-1352750_1200x1200/prd-front-1352750-1200x1200.png
https://www.watsons.com.tr/martinelia-lets-be-mermaids-oje-seti/p/BP_1441489,,,,N/A,N/A,N/A,,
https://www.watsons.com.tr/lamonde-mystery-body-mist-150-ml/p/BP_1366974,,,,N/A,N/A,N/A,,
https://www.watsons.com.tr/watsons-tuy-dokucu-krem-100-ml/p/BP_1323588,Watsons Tüy Dökücü Krem 100 ml,WATSONS,1323588,"299,90 ₺","99,95 ₺",,Tükendi,https://media.watsons.com.tr/medias/sys_master/prd-images/h15/hf0/9244401139742/prd-front-1323588_1200x1200/prd-front-1323588-1200x1200.png
https://www.watsons.com.tr/loreal-paris-infaillible-3-second-makyaj-sabitleme-spreyi/p/BP_1397312,L'Oreal Paris Infaillible 3-Second Makyaj Sabitleme Spreyi,LOREAL PARIS,1397312,"1.079,90 ₺","647,90 ₺",N/A,Tükendi,https://media.watsons.com.tr/medias/sys_master/prd-images/h62/h92/10525749313566/prd-front-1397312_1200x1200/prd-front-1397312-1200x1200.jpg
https://www.watsons.com.tr/pure-beauty-cica-soothe-serum-30-ml/p/BP_1326717,Pure Beauty Cica Soothe Serum 30 ml,PURE BEAUTY,1326717,"149,00 ₺",N/A,,Tükendi,https://media.watsons.com.tr/medias/sys_master/prd-images/he8/h9b/12270273724446/prd-front-1326717_1200x1200/prd-front-1326717-1200x1200.jpg
https://www.watsons.com.tr/matsu-silk-glaze-isi-koruyucu-sprey-200-ml/p/BP_1485400,Matsu Silk Glaze Isı Koruyucu Sprey 200 ml,MATSU PROFESSIONAL,1485400,"999,90 ₺","699,90 ₺",,Tükendi,https://media.watsons.com.tr/medias/sys_master/prd-images/h74/h12/13887380619294/prd-front-1485400_1200x1200/prd-front-1485400-1200x1200.jpg
https://www.watsons.com.tr/gillette-venus-comfortglide-breeze-tiras-makinesi-2-adet-yedek-baslik/p/BP_139373,Gillette Venus Comfortglide Breeze Tıraş Makinesi + 2 Adet Yedek Başlık,GILLETTE VENUS,139373,"934,90 ₺","519,90 ₺",N/A,Tükendi,https://media.watsons.com.tr/medias/sys_master/prd-images/hee/h4b/12993730084894/prd-front-139373_1200x1200/prd-front-139373-1200x1200.jpg
https://www.watsons.com.tr/maybelline-new-york-cloutopia-allik-divine-dreamy-dawn-int-09/p/BP_1480255,,,,"1.199,90 ₺","599,90 ₺",N/A,,
https://www.watsons.com.tr/sensodyne-hizli-rahatlama-dis-macunu-beyazlatici-75-ml/p/BP_154077,Sensodyne Hızlı Rahatlama Diş Macunu Beyazlatıcı 75 ml,SENSODYNE,154077,"379,90 ₺","285,90 ₺",,Tükendi,https://media.watsons.com.tr/medias/sys_master/prd-images/h94/h6c/13602228961310/prd-front-154077_1200x1200/prd-front-154077-1200x1200.jpg
https://www.watsons.com.tr/pantene-argan-yagi-serum-100-ml/p/BP_140014,Pantene Argan Yağı Serum 100 ml,PANTENE,140014,"544,90 ₺","217,90 ₺",N/A,Tükendi,https://media.watsons.com.tr/medias/sys_master/prd-images/h15/h38/12501379907614/prd-front-140014_1200x1200/prd-front-140014-1200x1200.jpg
https://www.watsons.com.tr/himalaya-arindirici-neem-ve-cay-agaci-maske-30-ml/p/BP_1340332,,,,N/A,N/A,N/A,,
https://www.watsons.com.tr/nascita-milkshake-makyaj-sungeri/p/BP_1424269,Nascita Milkshake Makyaj Süngeri,NASCITA EXC.,1424269,"129,90 ₺",N/A,,Tükendi,https://media.watsons.com.tr/medias/sys_master/prd-images/h3c/h8e/11907892805662/prd-front-1424269_1200x1200/prd-front-1424269-1200x1200.jpg
https://www.watsons.com.tr/revolution-reloaded-dimension-impulse-smoked-far-paleti/p/BP_1367674,Revolution Reloaded Dimension Impulse Smoked Far Paleti,REVOLUTION,1367674,"934,90 ₺","349,90 ₺",,Tükendi,https://media.watsons.com.tr/medias/sys_master/prd-images/h3c/h89/9576628781086/prd-front-1367674_1200x1200/prd-front-1367674-1200x1200.png
https://www.watsons.com.tr/lovely-sweetest-duo-lip-balm-gloss-no-01/p/BP_1419152,Lovely Sweetest Duo Lip Balm &amp; Gloss No: 01,LOVELY,1419152,"79,95 ₺",N/A,N/A,Tükendi,https://media.watsons.com.tr/medias/sys_master/prd-images/h91/he4/11634420023326/prd-front-1419152_1200x1200/prd-front-1419152-1200x1200.jpg
https://www.watsons.com.tr/show-by-pastel-show-your-happiness-blush-allik-202-colorful/p/BP_1250515,Show By Pastel Show Your Happiness Blush Allık 202 Colorful,SHOW BY PASTEL,1250515,"349,90 ₺","139,90 ₺",N/A,Tükendi,https://media.watsons.com.tr/medias/sys_master/prd-images/hb8/h40/8904623259678/prd-front-1250515_1200x1200/prd-front-1250515-1200x1200.png
https://www.watsons.com.tr/revolution-conceal-define-c10-kapatici/p/BP_160376,Revolution Conceal &amp; Define C10 Kapatıcı,REVOLUTION,160376,"599,90 ₺","199,90 ₺",,Tükendi,https://media.watsons.com.tr/medias/sys_master/prd-images/had/h35/8905666789406/prd-front-160376_1200x1200/prd-front-160376-1200x1200.jpeg
https://www.watsons.com.tr/watsons-lavanta-kolonya-300-ml/p/BP_166179,Watsons Lavanta Kolonya 300 ml,WATSONS,166179,"139,90 ₺","79,95 ₺",,Tükendi,https://media.watsons.com.tr/medias/sys_master/prd-images/h4e/h56/8909120831518/prd-front-166179_1200x1200/prd-front-166179-1200x1200.png
https://www.watsons.com.tr/watsons-siyah-kulak-cubugu-200-adet/p/BP_1379301,Watsons Siyah Kulak Çubuğu 200 Adet,WATSONS,1379301,"189,90 ₺","74,95 ₺",,Tükendi,https://media.watsons.com.tr/medias/sys_master/prd-images/hc1/ha6/10211256139806/prd-front-1379301_1200x1200/prd-front-1379301-1200x1200.png
https://www.watsons.com.tr/pastel-oje-no-130/p/BP_116859,Pastel Oje No: 130,PASTEL,116859,"94,95 ₺",N/A,N/A,Tükendi,https://media.watsons.com.tr/medias/sys_master/prd-images/hef/h7b/8900325605406/prd-front-116859_1200x1200/prd-front-116859-1200x1200.png
https://www.watsons.com.tr/aussie-bouncy-curls-nemlendiren-sac-kremi-1-lt/p/BP_1476020,Aussie Bouncy Curls Nemlendiren Saç Kremi 1 lt,AUSSIE,1476020,"1.219,90 ₺","487,90 ₺",,Tükendi,https://media.watsons.com.tr/medias/sys_master/prd-images/h4c/ha4/13254136922142/prd-front-1476020_1200x1200/prd-front-1476020-1200x1200.jpg
https://www.watsons.com.tr/orkid-yaprak-gunluk-ped-normal-ekonomik-paket-40-ped/p/BP_1409975,,,,N/A,N/A,N/A,,
https://www.watsons.com.tr/slipstop-24-26-numara-kiz-cocuk-kaydirmaz-ayakkabi-ivy/p/BP_1320347,Slipstop 24-26 Numara Kız Çocuk Kaydırmaz Ayakkabı Ivy,SLIPSTOP,1320347,"349,90 ₺","199,90 ₺",N/A,Tükendi,https://media.watsons.com.tr/medias/sys_master/prd-images/h7a/h00/12736355205150/prd-front-1320347_1200x1200/prd-front-1320347-1200x1200.jpg
https://www.watsons.com.tr/rimmel-london-omg-dudak-balmi-003-mellow-mocha/p/BP_1447166,Rimmel London Omg Dudak Balmı 003 Mellow Mocha,RIMMEL LONDON,1447166,"1.064,90 ₺","339,90 ₺",,Tükendi,https://media.watsons.com.tr/medias/sys_master/prd-images/h20/h4d/12761432686622/prd-front-1447166_1200x1200/prd-front-1447166-1200x1200.jpg
https://www.watsons.com.tr/dove-beauty-cream-bar-go-fresh-fresh-touch-nemlendirici-krem-90-g/p/BP_104541,Dove Beauty Cream Bar Go Fresh Fresh Touch Nemlendirici Krem 90 g,DOVE,104541,"79,95 ₺","59,95 ₺",N/A,Tükendi,https://media.watsons.com.tr/medias/sys_master/prd-images/h01/ha9/10344371159070/prd-front-104541_1200x1200/prd-front-104541-1200x1200.png
https://www.watsons.com.tr/golden-rose-maskara-mega-lashes/p/BP_1273713,,,,N/A,N/A,N/A,,
https://www.watsons.com.tr/pantene-sampuan-guc-parlaklik-325-ml/p/BP_1433796,Pantene Şampuan Güç &amp; Parlaklık 325 ml,PANTENE,1433796,"219,90 ₺","87,95 ₺",N/A,Tükendi,https://media.watsons.com.tr/medias/sys_master/prd-images/h39/hf2/12183183491102/prd-front-1433796_1200x1200/prd-front-1433796-1200x1200.jpg
https://www.watsons.com.tr/pastel-oje-no-277/p/BP_167471,Pastel Oje No: 277,PASTEL,167471,"94,95 ₺",N/A,N/A,Tükendi,https://media.watsons.com.tr/medias/sys_master/prd-images/h0a/h85/8909430095902/prd-front-167471_1200x1200/prd-front-167471-1200x1200.png
https://www.watsons.com.tr/golden-rose-total-cover-2in1-fondoten-ve-kapatici-no-05/p/BP_157356,Golden Rose Total Cover 2in1 Fondöten ve Kapatıcı No: 05,GOLDEN ROSE,157356,"1.189,90 ₺","474,90 ₺",N/A,Tükendi,https://media.watsons.com.tr/medias/sys_master/prd-images/h1d/hfe/10207092867102/prd-front-157356_1200x1200/prd-front-157356-1200x1200.jpg
https://www.watsons.com.tr/watsons-3lu-makyaj-sunger-seti/p/BP_1404662,Watsons 3'lü Makyaj Sünger Seti,WATSONS,1404662,"139,90 ₺","29,95 ₺",,Tükendi,https://media.watsons.com.tr/medias/sys_master/prd-images/h20/h05/11764295827486/prd-front-1404662_1200x1200/prd-front-1404662-1200x1200.jpg
https://www.watsons.com.tr/golden-rose-ice-color-mini-oje-no-204/p/BP_1365343,Golden Rose Ice Color Mini Oje No: 204,GOLDEN ROSE,1365343,"9,99 ₺",N/A,N/A,Tükendi,https://media.watsons.com.tr/medias/sys_master/prd-images/h67/h78/9404964438046/prd-front-1365343_1200x1200/prd-front-1365343-1200x1200.jpg
https://www.watsons.com.tr/flormar-kapagi-fircali-kas-kalemi-no-402/p/BP_142410,Flormar Kapağı Fırçalı Kaş Kalemi No: 402,FLORMAR,142410,"499,90 ₺",N/A,N/A,Tükendi,https://media.watsons.com.tr/medias/sys_master/prd-images/h48/h9c/9273817497630/prd-front-142410_1200x1200/prd-front-142410-1200x1200.png
https://www.watsons.com.tr/eyup-sabri-tuncer-okyanus-kolonya-150-ml/p/BP_1357881,Eyüp Sabri Tuncer Okyanus Kolonya 150 ml,EYÜP SABRİ TUNCER,1357881,"117,90 ₺","99,95 ₺",N/A,Tükendi,https://media.watsons.com.tr/medias/sys_master/prd-images/hd8/hbf/10168574246942/prd-front-1357881_1200x1200/prd-front-1357881-1200x1200.jpg
https://www.watsons.com.tr/nascita-pro-sac-fircasi-pembe/p/BP_1332058,Nascita Pro Saç Fırçası Pembe,NASCITA,1332058,"269,90 ₺",N/A,,Tükendi,https://media.watsons.com.tr/medias/sys_master/prd-images/he3/hba/9021708206110/prd-front-1332058_1200x1200/prd-front-1332058-1200x1200.png
https://www.watsons.com.tr/rebul-night-flora-kadin-parfum-edp-50-ml/p/BP_1481221,Rebul Night Flora Kadın Parfüm EDP 50 ml,REBUL EXC.,1481221,"499,90 ₺","199,90 ₺",,Tükendi,https://media.watsons.com.tr/medias/sys_master/prd-images/hbe/ha9/13611081924638/prd-front-1481221_1200x1200/prd-front-1481221-1200x1200.jpg
https://www.watsons.com.tr/note-silk-tattoo-goz-kalemi-03-antique-bronze/p/BP_1481039,Note Silk Tattoo Göz Kalemi 03 Antique Bronze,NOTE,1481039,"599,90 ₺","239,90 ₺",N/A,Tükendi,https://media.watsons.com.tr/medias/sys_master/prd-images/h44/hf7/13600295845918/prd-front-1481039_1200x1200/prd-front-1481039-1200x1200.jpg
https://www.watsons.com.tr/ulric-de-varens-sweet-caramel-santal-kadin-body-fragrance-deodorant-150-ml/p/BP_1459864,Ulric de Varens Sweet Caramel Santal Kadın Body Fragrance Deodorant 150 ml,UDV,1459864,"489,90 ₺","193,90 ₺",N/A,Tükendi,https://media.watsons.com.tr/medias/sys_master/prd-images/h79/h4d/13121647312926/prd-front-1459864_1200x1200/prd-front-1459864-1200x1200.jpg
https://www.watsons.com.tr/revolution-guclendirici-peptit-kas-kirpik-serumu/p/BP_1417934,Revolution Güçlendirici Peptit Kaş &amp; Kirpik Serumu,REVOLUTION,1417934,"1.299,90 ₺","519,90 ₺",,Tükendi,https://media.watsons.com.tr/medias/sys_master/prd-images/h36/h05/11739046477854/prd-front-1417934_1200x1200/prd-front-1417934-1200x1200.jpg
https://www.watsons.com.tr/naturals-by-watsons-sampuan-olive-450-ml/p/BP_1286362,Naturals By Watsons Şampuan Olive 450 ml,NATURALS BY WATSONS,1286362,"39,95 ₺",N/A,,Tükendi,https://media.watsons.com.tr/medias/sys_master/prd-images/hc1/hef/8905215442974/prd-front-1286362_1200x1200/prd-front-1286362-1200x1200.png
https://www.watsons.com.tr/aussie-bouncy-curls-acan-nemlendirici-sac-maskesi-500-ml/p/BP_1476027,Aussie Bouncy Curls Açan Nemlendirici Saç Maskesi 500 ml,AUSSIE,1476027,"199,00 ₺",N/A,,Tükendi,https://media.watsons.com.tr/medias/sys_master/prd-images/h55/h25/13254139707422/prd-front-1476027_1200x1200/prd-front-1476027-1200x1200.jpg
https://www.watsons.com.tr/note-new-era-skin-protect-fondoten-110/p/BP_1398131,Note New Era Skin Protect Fondöten 110,NOTE,1398131,"1.099,90 ₺","439,90 ₺",N/A,Tükendi,https://media.watsons.com.tr/medias/sys_master/prd-images/h36/hff/12505107726366/prd-front-1398131_1200x1200/prd-front-1398131-1200x1200.jpg
https://www.watsons.com.tr/i-heart-revolution-pop-gloss-balm-plum-purple/p/BP_1444534,I Heart Revolution Pop Gloss Balm Plum Purple,I HEART REVOLUTION,1444534,"199,00 ₺",N/A,,Tükendi,https://media.watsons.com.tr/medias/sys_master/prd-images/h26/hb3/12761425412126/prd-front-1444534_1200x1200/prd-front-1444534-1200x1200.jpg
https://www.watsons.com.tr/golden-rose-keratin-oje-no-12/p/BP_1287580,Golden Rose Keratin Oje No: 12,GOLDEN ROSE,1287580,"99,95 ₺",N/A,N/A,Tükendi,https://media.watsons.com.tr/medias/sys_master/prd-images/hf1/h90/8905232351262/prd-front-1287580_1200x1200/prd-front-1287580-1200x1200.png
https://www.watsons.com.tr/slipstop-4-5-yas-pack-tisort-erkek-cocuk/p/BP_1398929,Slipstop 4-5 Yaş Pack Tişört Erkek Çocuk,SLIPSTOP,1398929,"149,00 ₺",N/A,N/A,Tükendi,https://media.watsons.com.tr/medias/sys_master/prd-images/hbe/h76/12736398065694/prd-front-1398929_1200x1200/prd-front-1398929-1200x1200.jpg
https://www.watsons.com.tr/john-frieda-sac-kremi-kusursuz-bukleler-icin-250-ml/p/BP_128134,John Frieda Saç Kremi Kusursuz Bukleler İçin 250 ml,JOHN FRIEDA,128134,"699,90 ₺","279,90 ₺",N/A,Tükendi,https://media.watsons.com.tr/medias/sys_master/prd-images/h5c/hc0/12209159045150/prd-front-128134_1200x1200/prd-front-128134-1200x1200.jpg
https://www.watsons.com.tr/nivea-men-erkek-stick-deodorant-black-white-invisible-fresh-50-ml/p/BP_1453235,,,,N/A,N/A,N/A,,
https://www.watsons.com.tr/nyx-professional-makeup-slim-lip-kalem-nude-beige/p/BP_155847,Nyx Professional Makeup Slim Lip Kalem Nude Beige,NYX,155847,"899,90 ₺",N/A,,Tükendi,https://media.watsons.com.tr/medias/sys_master/prd-images/he5/h32/11964827893790/prd-front-155847_1200x1200/prd-front-155847-1200x1200.jpg
https://www.watsons.com.tr/flormar-suya-dayanikli-mat-dudak-kalemi-no-234-vanilla-soufle/p/BP_1241135,Flormar Suya Dayanıklı Mat Dudak Kalemi No: 234 Vanilla Soufle,FLORMAR,1241135,"399,90 ₺",N/A,N/A,Tükendi,https://media.watsons.com.tr/medias/sys_master/prd-images/hc0/h8d/13588353253406/prd-front-1241135_1200x1200/prd-front-1241135-1200x1200.jpg
https://www.watsons.com.tr/morfose-extra-strong-sac-spreyi-270-ml/p/BP_1334291,Morfose Extra Strong Saç Spreyi 270 ml,MORFOSE EXC.,1334291,"329,90 ₺","149,00 ₺",,Tükendi,https://media.watsons.com.tr/medias/sys_master/prd-images/h3b/h10/14189098369054/prd-front-1334291_1200x1200/prd-front-1334291-1200x1200.jpg
https://www.watsons.com.tr/nyx-professional-makeup-wednesday-mystery-lip-oil-moonshifted/p/BP_1460305,,,,N/A,N/A,N/A,,
https://www.watsons.com.tr/maybelline-new-york-super-stay-teddy-tint-uzun-sure-kalici-likit-mat-tint-55-knee-high/p/BP_1425067,Maybelline New York Super Stay Teddy Tint Uzun Süre Kalıcı Likit Mat Tint 55 Knee High,MAYBELLINE,1425067,"1.399,90 ₺","699,90 ₺",N/A,Tükendi,https://media.watsons.com.tr/medias/sys_master/prd-images/h5f/hec/11907958669342/prd-front-1425067_1200x1200/prd-front-1425067-1200x1200.jpg
https://www.watsons.com.tr/show-by-pastel-show-your-happiness-blush-allik-205-cosy/p/BP_1250536,Show By Pastel Show Your Happiness Blush Allık 205 Cosy,SHOW BY PASTEL,1250536,"349,90 ₺","139,90 ₺",N/A,Tükendi,https://media.watsons.com.tr/medias/sys_master/prd-images/hd1/h19/8903912325150/prd-front-1250536_1200x1200/prd-front-1250536-1200x1200.png
https://www.watsons.com.tr/molped-pure-and-soft-normal-super-ekonomik-24-adet/p/BP_163648,Molped Pure And Soft Normal Süper Ekonomik 24 Adet,MOLPED,163648,"307,90 ₺","154,90 ₺",N/A,Tükendi,https://media.watsons.com.tr/medias/sys_master/prd-images/hf3/hb1/13944964349982/prd-front-163648_1200x1200/prd-front-163648-1200x1200.jpg
https://www.watsons.com.tr/herbal-essences-hindistan-cevizi-ozlu-nemlendirici-sampuan-350-ml/p/BP_1395324,Herbal Essences Hindistan Cevizi Özlü Nemlendirici Şampuan 350 ml,HERBAL ESSENCES,1395324,"589,90 ₺","234,90 ₺",,Tükendi,https://media.watsons.com.tr/medias/sys_master/prd-images/h4d/hfa/10344485290014/prd-front-1395324_1200x1200/prd-front-1395324-1200x1200.jpg
https://www.watsons.com.tr/head-shoulders-sampuan-clinical-oil-control-400-ml/p/BP_1481655,Head&amp;Shoulders Şampuan Clinical Oil Control 400 ml,HEAD&amp;SHOULDERS,1481655,"2.499,90 ₺","999,90 ₺",N/A,Tükendi,https://media.watsons.com.tr/medias/sys_master/prd-images/hf5/h09/13683274317854/prd-front-1481655_1200x1200/prd-front-1481655-1200x1200.jpg
https://www.watsons.com.tr/nyx-professional-makeup-ultimate-shadow-palette-i-know-thats-bright-goz-fari-paleti/p/BP_1384075,Nyx Professional Makeup Ultimate Shadow Palette I Know Thats Bright Göz Farı Paleti,NYX,1384075,"2.149,90 ₺",N/A,,Tükendi,https://media.watsons.com.tr/medias/sys_master/prd-images/h99/h5a/10525802758174/prd-front-1384075_1200x1200/prd-front-1384075-1200x1200.jpg
https://www.watsons.com.tr/loreal-paris-freshwear-cushion-fondoten-24h-air-wear-130/p/BP_1480647,L'Oréal Paris Freshwear Cushion Fondöten 24H Air Wear 130,LOREAL PARIS,1480647,"2.119,90 ₺","949,90 ₺",,Tükendi,https://media.watsons.com.tr/medias/sys_master/prd-images/ha5/h4d/13857038237726/prd-front-1480647_1200x1200/prd-front-1480647-1200x1200.jpg
https://www.watsons.com.tr/deborah-24ore-extra-kas-kalemi-dark/p/BP_151748,Deborah 24Ore Extra Kaş Kalemi Dark,DEBORAH,151748,"199,00 ₺",N/A,,Tükendi,https://media.watsons.com.tr/medias/sys_master/prd-images/hd5/hba/8902561824798/prd-front-151748_1200x1200/prd-front-151748-1200x1200.jpeg
https://www.watsons.com.tr/essence-8h-matte-comfort-dudak-kalemi-no-04/p/BP_1340815,,,,N/A,N/A,N/A,,
https://www.watsons.com.tr/elseve-turunculasma-karsiti-mor-maske-150-ml/p/BP_173911,Elseve Turunculaşma Karşıtı Mor Maske 150 ml,ELSEVE,173911,"499,90 ₺","199,90 ₺",N/A,Tükendi,https://media.watsons.com.tr/medias/sys_master/prd-images/hf3/h7e/8910765195294/prd-front-173911_1200x1200/prd-front-173911-1200x1200.png
https://www.watsons.com.tr/gillette-blue3-sensitive-kullan-at-tiras-bicagi-6-adet/p/BP_1390459,Gillette Blue3 Sensitive Kullan At Tıraş Bıçağı 6 Adet,GILLETTE,1390459,"499,90 ₺","381,90 ₺",N/A,Tükendi,https://media.watsons.com.tr/medias/sys_master/prd-images/h6f/h1c/10095064514590/prd-front-1390459_1200x1200/prd-front-1390459-1200x1200.jpg
https://www.watsons.com.tr/duru-body-scrub-dus-jeli-pink-delight-450-ml/p/BP_1477119,Duru Body Scrub Duş Jeli Pink Delight 450 ml,DURU,1477119,"349,90 ₺","149,00 ₺",N/A,Tükendi,https://media.watsons.com.tr/medias/sys_master/prd-images/hf1/h87/13319647395870/prd-front-1477119_1200x1200/prd-front-1477119-1200x1200.jpg
https://www.watsons.com.tr/collagen-by-watsons-white-regeneration-tonik-ped-90li/p/BP_1455902,Collagen By Watsons White Regeneration Tonik Ped 90'lı,COLLAGEN BY WATSONS,1455902,"1.199,90 ₺","399,90 ₺",,Tükendi,https://media.watsons.com.tr/medias/sys_master/prd-images/hb6/hfb/14104276598814/prd-front-1455902_1200x1200/prd-front-1455902-1200x1200.png
https://www.watsons.com.tr/show-by-pastel-monochrome-duo-eyes-ikili-far-paleti-31-emerald-dust/p/BP_1353044,Show By Pastel Monochrome Duo Eyes İkili Far Paleti 31 Emerald Dust,SHOW BY PASTEL,1353044,"429,90 ₺","169,90 ₺",N/A,Tükendi,https://media.watsons.com.tr/medias/sys_master/prd-images/hab/h1a/9325089325086/prd-front-1353044_1200x1200/prd-front-1353044-1200x1200.png
https://www.watsons.com.tr/dfeys-arindirici-ve-tazeleyici-yuz-temizleme-jeli-200-ml/p/BP_1453578,D'Feys Arındırıcı ve Tazeleyici Yüz Temizleme Jeli 200 ml,D'FEYS,1453578,"663,90 ₺","264,90 ₺",N/A,Tükendi,https://media.watsons.com.tr/medias/sys_master/prd-images/h80/h80/12865145110558/prd-front-1453578_1200x1200/prd-front-1453578-1200x1200.jpg
https://www.watsons.com.tr/lador-keratinli-cift-faz-isi-kory-sac-spreyi-130-ml/p/BP_1434146,Lador Keratinli Çift Faz Isı Kory Saç Spreyi 130 ml,LADOR,1434146,"1.349,90 ₺","539,90 ₺",,Tükendi,https://media.watsons.com.tr/medias/sys_master/prd-images/h23/h2d/12150689988638/prd-front-1434146_1200x1200/prd-front-1434146-1200x1200.jpg
https://www.watsons.com.tr/michael-kors-wonderlust-kadin-parfum-edp-100-ml/p/BP_1427615,Michael Kors Wonderlust Kadın Parfüm EDP 100 ml,MICHEAL KORS,1427615,"6.869,90 ₺","3.999,00 ₺",,Tükendi,https://media.watsons.com.tr/medias/sys_master/prd-images/hb0/h66/11882334683166/prd-front-1427615_1200x1200/prd-front-1427615-1200x1200.jpg
https://www.watsons.com.tr/youpick-canta-charmi-orgu/p/BP_1442812,Youpick Çanta Charmı Örgü,Youpick,1442812,"149,00 ₺",N/A,,Tükendi,https://media.watsons.com.tr/medias/sys_master/prd-images/hc4/h03/12431003942942/prd-front-1442812_1200x1200/prd-front-1442812-1200x1200.jpg
https://www.watsons.com.tr/bioderma-photoderm-pediatrics-mineral-spf50-yenidogan-bebek-cocuk-cok-yuksek-korumali-gunes-kremi-50-gr/p/BP_1435959,,,,N/A,N/A,N/A,,
https://www.watsons.com.tr/pastel-summer-love-oje-446/p/BP_1445962,Pastel Summer Love Oje 446,PASTEL,1445962,"29,95 ₺",N/A,N/A,Tükendi,https://media.watsons.com.tr/medias/sys_master/prd-images/h3e/ha3/12524965036062/prd-front-1445962_1200x1200/prd-front-1445962-1200x1200.jpg
https://www.watsons.com.tr/slipstop-8-9-yas-erkek-cocuk-pack-mayo-sort/p/BP_1363124,,,,N/A,N/A,N/A,,
https://www.watsons.com.tr/sensodyne-dis-macunu-klinik-beyazlik-dis-minesi-75-ml/p/BP_1392279,Sensodyne Diş Macunu Klinik Beyazlık Diş Minesi 75 ml,SENSODYNE,1392279,"499,90 ₺","299,90 ₺",N/A,Tükendi,https://media.watsons.com.tr/medias/sys_master/prd-images/h60/h50/13602231713822/prd-front-1392279_1200x1200/prd-front-1392279-1200x1200.jpg
https://www.watsons.com.tr/loreal-paris-infaillible-matte-resistance-likit-mat-ruj-105-breakfast-in-bed/p/BP_1369151,L'Oreal Paris Infaillible Matte Resistance Likit Mat Ruj 105 Breakfast In Bed,LOREAL PARIS,1369151,"1.699,90 ₺","1.019,90 ₺",N/A,Tükendi,https://media.watsons.com.tr/medias/sys_master/prd-images/h9a/ha2/9674415964190/prd-front-1369151_1200x1200/prd-front-1369151-1200x1200.jpg
https://www.watsons.com.tr/wellaflex-men-dynamic-wax-ultra-guc-75-ml/p/BP_1443974,Wellaflex Men Dynamic Wax Ultra Güç 75 ml,WELLA,1443974,"289,90 ₺","129,90 ₺",N/A,Tükendi,https://media.watsons.com.tr/medias/sys_master/prd-images/hbf/h01/12354168127518/prd-front-1443974_1200x1200/prd-front-1443974-1200x1200.jpg
https://www.watsons.com.tr/clear-women-sampuan-yumusak-parlak-500-ml/p/BP_1427020,Clear Women Şampuan Yumuşak&amp;Parlak 500 ml,CLEAR,1427020,"469,90 ₺","159,00 ₺",N/A,Tükendi,https://media.watsons.com.tr/medias/sys_master/prd-images/h2f/h15/11862410395678/prd-front-1427020_1200x1200/prd-front-1427020-1200x1200.jpg
https://www.watsons.com.tr/nivea-derma-skin-clear-sivilce-karsiti-tonik-200-ml/p/BP_1342278,Nivea Derma Skin Clear Sivilce Karşıtı Tonik 200 ml,NIVEA VISAGE,1342278,"439,90 ₺",N/A,,Tükendi,https://media.watsons.com.tr/medias/sys_master/prd-images/he8/h15/11480244027422/prd-front-1342278_1200x1200/prd-front-1342278-1200x1200.png
https://www.watsons.com.tr/lacoste-red-erkek-parfum-edt-125-ml/p/BP_1409884,,,,N/A,N/A,N/A,,
https://www.watsons.com.tr/note-flawless-happy-tint-lip-cheek-03/p/BP_1419110,Note Flawless Happy Tint Lip&amp;Cheek 03,NOTE,1419110,"379,90 ₺","149,90 ₺",N/A,Tükendi,https://media.watsons.com.tr/medias/sys_master/prd-images/h68/h5b/11401870868510/prd-front-1419110_1200x1200/prd-front-1419110-1200x1200.png
https://www.watsons.com.tr/show-by-pastel-monochrome-duo-eyes-ikili-far-paleti-27-lux/p/BP_1353016,Show By Pastel Monochrome Duo Eyes İkili Far Paleti 27 Lux,SHOW BY PASTEL,1353016,"429,90 ₺","169,90 ₺",N/A,Tükendi,https://media.watsons.com.tr/medias/sys_master/prd-images/h7a/he0/9325095878686/prd-front-1353016_1200x1200/prd-front-1353016-1200x1200.png
https://www.watsons.com.tr/banila-co-clean-it-zero-aydinlatici-peeling-120-ml/p/BP_1378251,Banila Co Clean It Zero Aydınlatıcı Peeling 120 ml,BANILA CO,1378251,"1.024,90 ₺","409,90 ₺",,Tükendi,https://media.watsons.com.tr/medias/sys_master/prd-images/haf/hed/12270295810078/prd-front-1378251_1200x1200/prd-front-1378251-1200x1200.jpg
https://www.watsons.com.tr/le-petit-marseillais-bonheur-dus-jeli-hindistan-cevizi-650-ml/p/BP_1323245,Le Petit Marseillais Bonheur Duş Jeli Hindistan Cevizi 650 ml,LE PETIT MARSEILLAIS,1323245,"515,90 ₺","309,90 ₺",N/A,Tükendi,https://media.watsons.com.tr/medias/sys_master/prd-images/h58/h18/11798840672286/prd-front-1323245_1200x1200/prd-front-1323245-1200x1200.jpg
https://www.watsons.com.tr/celenes-vitamin-c-12-5-oats-niacinamide-serum-30-ml/p/BP_1328313,"Celenes Vitamin C 12,5% + Oats + Niacinamide Serum 30 ml",CELENES,1328313,"149,00 ₺",N/A,N/A,Tükendi,https://media.watsons.com.tr/medias/sys_master/prd-images/h56/h86/13121572077598/prd-front-1328313_1200x1200/prd-front-1328313-1200x1200.jpg
https://www.watsons.com.tr/bioblas-procyanidin-yaglanma-ve-dokulme-karsiti-sampuan-360-ml/p/BP_125989,Bioblas Procyanidin Yağlanma ve Dökülme Karşıtı Şampuan 360 ml,BIOBLAS,125989,"299,90 ₺","119,90 ₺",N/A,Tükendi,https://media.watsons.com.tr/medias/sys_master/prd-images/h8f/hfa/12941387038750/prd-front-125989_1200x1200/prd-front-125989-1200x1200.jpg
https://www.watsons.com.tr/max-factor-elixir-dudak-kalemi-no-15-spice-/p/BP_1322790,Max Factor Elixir Dudak Kalemi No: 15 Spice&nbsp;,MAX FACTOR,1322790,"464,90 ₺","139,90 ₺",,Tükendi,https://media.watsons.com.tr/medias/sys_master/prd-images/hc2/hdf/11682792013854/prd-front-1322790_1200x1200/prd-front-1322790-1200x1200.jpg
https://www.watsons.com.tr/golden-rose-3d-mega-shine-lipgloss-no-118/p/BP_1332366,Golden Rose 3D Mega Shine Lipgloss No: 118,GOLDEN ROSE,1332366,"624,90 ₺","249,90 ₺",N/A,Tükendi,https://media.watsons.com.tr/medias/sys_master/prd-images/h6d/h39/10207146999838/prd-front-1332366_1200x1200/prd-front-1332366-1200x1200.jpg
https://www.watsons.com.tr/pastel-full-bloom-ruj-allik-no-73-bellini/p/BP_1480703,Pastel Full Bloom Ruj &amp; Allık No: 73 Bellini,PASTEL,1480703,"439,90 ₺","174,90 ₺",N/A,Tükendi,https://media.watsons.com.tr/medias/sys_master/prd-images/h87/ha6/13603486629918/prd-front-1480703_1200x1200/prd-front-1480703-1200x1200.jpg
https://www.watsons.com.tr/watsons-footease-jel-ayakkabi-yastigi-1-cift/p/BP_171438,Watsons Footease Jel Ayakkabı Yastığı 1 Çift,WATSONS,171438,"29,95 ₺",N/A,N/A,Tükendi,https://media.watsons.com.tr/medias/sys_master/prd-images/h6a/hb9/8909982695454/prd-front-171438_1200x1200/prd-front-171438-1200x1200.png
https://www.watsons.com.tr/wella-koleston-kit-sac-boyasi-kumral-7-0/p/BP_123646,Wella Koleston Kit Saç Boyası Kumral 7/0,KOLESTON,123646,"549,90 ₺","349,90 ₺",N/A,Tükendi,https://media.watsons.com.tr/medias/sys_master/prd-images/hd4/h1e/10595632545822/prd-front-123646_1200x1200/prd-front-123646-1200x1200.jpg
https://www.watsons.com.tr/golden-rose-3d-mega-shine-lipgloss-no-121/p/BP_1332373,Golden Rose 3D Mega Shine Lipgloss No: 121,GOLDEN ROSE,1332373,"624,90 ₺","249,90 ₺",N/A,Tükendi,https://media.watsons.com.tr/medias/sys_master/prd-images/he5/h7a/10207148048414/prd-front-1332373_1200x1200/prd-front-1332373-1200x1200.jpg
https://www.watsons.com.tr/the-purest-solutions-meyve-asitli-toz-temizleyici-55-gr/p/BP_1313424,The Purest Solutions Meyve Asitli Toz Temizleyici 55 gr,THE PUREST SOLUTIONS,1313424,"819,90 ₺",N/A,,Tükendi,https://media.watsons.com.tr/medias/sys_master/prd-images/hd2/h7a/9751769382942/prd-front-1313424_1200x1200/prd-front-1313424-1200x1200.jpg
https://www.watsons.com.tr/essence-satin-glow-parlak-ruj-03/p/BP_1465191,Essence Satin Glow Parlak Ruj 03,ESSENCE,1465191,"229,90 ₺",N/A,N/A,Tükendi,https://media.watsons.com.tr/medias/sys_master/prd-images/h8a/h88/13217542635550/prd-front-1465191_1200x1200/prd-front-1465191-1200x1200.jpg
https://www.watsons.com.tr/nyx-professional-makeup-slim-lip-kalem-nude-truffle/p/BP_155833,Nyx Professional Makeup Slim Lip Kalem Nude Truffle,NYX,155833,"899,90 ₺",N/A,,Tükendi,https://media.watsons.com.tr/medias/sys_master/prd-images/h85/h21/11964827369502/prd-front-155833_1200x1200/prd-front-155833-1200x1200.jpg
https://www.watsons.com.tr/kotex-young-super-ekonomik-paket-gunduz-22li/p/BP_1427069,Kotex Young Super Ekonomik Paket Gündüz 22'li,N/A,1427069,"315,90 ₺","159,90 ₺",N/A,Tükendi,https://media.watsons.com.tr/medias/sys_master/prd-images/h97/hac/11922206359582/prd-front-1427069_1200x1200/prd-front-1427069-1200x1200.png
https://www.watsons.com.tr/elidor-7-24-sekillendirici-bakim-kremi-belirgin-bukleler-240-ml/p/BP_1409737,Elidor 7/24 Şekillendirici Bakım Kremi Belirgin Bukleler 240 ml,ELİDOR,1409737,"444,90 ₺","149,00 ₺",N/A,Tükendi,https://media.watsons.com.tr/medias/sys_master/prd-images/haf/h00/13121594621982/prd-front-1409737_1200x1200/prd-front-1409737-1200x1200.jpg
https://www.watsons.com.tr/wella-koleston-intense-sac-boyasi-5-66-patlican-moru/p/BP_1355046,,,,N/A,N/A,N/A,,
https://www.watsons.com.tr/revolution-air-blur-mat-likit-ruj-ballet/p/BP_1443456,Revolution Air Blur Mat Likit Ruj Ballet,REVOLUTION,1443456,"749,90 ₺","199,00 ₺",,Tükendi,https://media.watsons.com.tr/medias/sys_master/prd-images/h91/h50/12514084487198/prd-front-1443456_1200x1200/prd-front-1443456-1200x1200.jpg
https://www.watsons.com.tr/dicora-erkek-set-london-erkek-parfum-edt-40-ml-kisisel-bakim-seti-jel-100-ml/p/BP_1460053,Dicora Erkek Set London Erkek Parfüm EDT 40 ml + Kişisel Bakım Seti + Jel 100 ml,DICORA URBAN FIT,1460053,"1.374,90 ₺","499,90 ₺",,Tükendi,https://media.watsons.com.tr/medias/sys_master/prd-images/h26/haf/13650661244958/prd-front-1460053_1200x1200/prd-front-1460053-1200x1200.jpg
https://www.watsons.com.tr/kelebek-harem-krep-kalin-dogal-kese/p/BP_129778,Kelebek Harem Krep Kalın Doğal Kese,KELEBEK,129778,"244,90 ₺",N/A,N/A,Tükendi,https://media.watsons.com.tr/medias/sys_master/prd-images/h3b/h1e/12600111988766/prd-front-129778_1200x1200/prd-front-129778-1200x1200.jpg
https://www.watsons.com.tr/watsons-organik-micellar-temizleme-suyu-390-ml/p/BP_1345141,Watsons Organik Micellar Temizleme Suyu 390 ml,WATSONS,1345141,"259,90 ₺","89,00 ₺",,Tükendi,https://media.watsons.com.tr/medias/sys_master/prd-images/h58/h51/9944228134942/prd-front-1345141_1200x1200/prd-front-1345141-1200x1200.jpg
https://www.watsons.com.tr/wella-koleston-intense-sac-boyasi-9-0-sari/p/BP_1355032,Wella Koleston Intense Saç Boyası 9/0 Sarı,KOLESTON,1355032,"249,90 ₺","159,90 ₺",N/A,Tükendi,https://media.watsons.com.tr/medias/sys_master/prd-images/h63/hab/10595773317150/prd-front-1355032_1200x1200/prd-front-1355032-1200x1200.jpg
https://www.watsons.com.tr/dove-nemlendirici-sivi-sabun-caring-450-ml/p/BP_161826,Dove Nemlendirici Sıvı Sabun Caring 450 ml,DOVE,161826,"292,90 ₺","199,90 ₺",N/A,Tükendi,https://media.watsons.com.tr/medias/sys_master/prd-images/hc2/h9e/9346654634014/prd-front-161826_1200x1200/prd-front-161826-1200x1200.jpg
https://www.watsons.com.tr/roberto-cavalli-uomo-erkek-parfum-edt-100-ml/p/BP_1409905,Roberto Cavalli Uomo Erkek Parfüm EDT 100 ml,ROBERTO CAVALLI,1409905,"5.929,90 ₺","3.999,00 ₺",,Tükendi,https://media.watsons.com.tr/medias/sys_master/prd-images/h83/h58/11167466946590/prd-front-1409905_1200x1200/prd-front-1409905-1200x1200.jpg
https://www.watsons.com.tr/kelebek-harem-ipek-lastikli-banyo-kesesi/p/BP_1387540,Kelebek Harem İpek Lastikli Banyo Kesesi,KELEBEK,1387540,"214,90 ₺",N/A,,Tükendi,https://media.watsons.com.tr/medias/sys_master/prd-images/hca/h7a/12600115855390/prd-front-1387540_1200x1200/prd-front-1387540-1200x1200.jpg
https://www.watsons.com.tr/watsons-nemlendirici-vitamin-kapsul-maske/p/BP_1342019,,,,N/A,N/A,N/A,,
https://www.watsons.com.tr/pastel-oje-no-425/p/BP_1420398,Pastel Oje No: 425,PASTEL,1420398,"94,95 ₺",N/A,N/A,Tükendi,https://media.watsons.com.tr/medias/sys_master/prd-images/h2d/h22/11475809599518/prd-front-1420398_1200x1200/prd-front-1420398-1200x1200.jpg
https://www.watsons.com.tr/pastel-make-up-to-skin-care-magic-milk-cilt-tonu-esitleyici-spf-15-cc-krem-51-medium-deep/p/BP_1377271,Pastel Make Up To Skin Care Magic Milk Cilt Tonu Eşitleyici SPF 15 CC Krem 51 Medium Deep,PASTEL,1377271,"984,90 ₺","393,90 ₺",N/A,Tükendi,https://media.watsons.com.tr/medias/sys_master/prd-images/h3b/h38/9752918261790/prd-front-1377271_1200x1200/prd-front-1377271-1200x1200.png
https://www.watsons.com.tr/maybelline-new-york-superstay-mat-ink-city-edition-likit-mat-ruj-no-130-self-starter/p/BP_165863,Maybelline New York Superstay Mat Ink City Edition Likit Mat Ruj No: 130 Self Starter,MAYBELLINE,165863,"1.249,90 ₺","419,90 ₺",N/A,Tükendi,https://media.watsons.com.tr/medias/sys_master/prd-images/h81/h08/9509710364702/prd-front-165863_1200x1200/prd-front-165863-1200x1200.jpg
https://www.watsons.com.tr/golden-rose-3d-mega-shine-lipgloss-no-106/p/BP_1332345,Golden Rose 3D Mega Shine Lipgloss No: 106,GOLDEN ROSE,1332345,"624,90 ₺","249,90 ₺",N/A,Tükendi,https://media.watsons.com.tr/medias/sys_master/prd-images/h68/h4b/10207146410014/prd-front-1332345_1200x1200/prd-front-1332345-1200x1200.jpg
https://www.watsons.com.tr/nyx-professional-makeup-fat-oil-lip-drip-parlatici-dudak-yagi-sprinkle-sprinkle/p/BP_1410339,Nyx Professional Makeup Fat Oil Lip Drip Parlatıcı Dudak Yağı Sprinkle Sprinkle,NYX,1410339,"1.049,90 ₺",N/A,,Tükendi,https://media.watsons.com.tr/medias/sys_master/prd-images/hf1/hc8/11303216906270/prd-front-1410339_1200x1200/prd-front-1410339-1200x1200.jpg
https://www.watsons.com.tr/slipstop-30-32-numara-ranger-kaydirmaz-ayakkabi-cocuk/p/BP_1399755,Slipstop 30-32 Numara Ranger Kaydırmaz Ayakkabı Çocuk,SLIPSTOP,1399755,"299,90 ₺","149,90 ₺",N/A,Tükendi,https://media.watsons.com.tr/medias/sys_master/prd-images/h63/h85/12736401473566/prd-front-1399755_1200x1200/prd-front-1399755-1200x1200.jpg
https://www.watsons.com.tr/essence-lash-princess-takma-kirpik-efektli-maskara-black-brown/p/BP_1446536,Essence Lash Princess Takma Kirpik Efektli Maskara Black Brown,ESSENCE,1446536,"299,90 ₺",N/A,N/A,Tükendi,https://media.watsons.com.tr/medias/sys_master/prd-images/h34/h3b/12430919532574/prd-front-1446536_1200x1200/prd-front-1446536-1200x1200.jpg
https://www.watsons.com.tr/revolution-pout-bomb-dolgunlastirici-mini-lip-gloss-seti/p/BP_1460242,Revolution Pout Bomb Dolgunlaştırıcı Mini Lip Gloss Seti,REVOLUTION,1460242,"999,90 ₺",N/A,,Tükendi,https://media.watsons.com.tr/medias/sys_master/prd-images/h88/h85/13319618461726/prd-front-1460242_1200x1200/prd-front-1460242-1200x1200.jpg
https://www.watsons.com.tr/note-silk-tattoo-goz-kalemi-04-deep-wine/p/BP_1481046,Note Silk Tattoo Göz Kalemi 04 Deep Wine,NOTE,1481046,"599,90 ₺","239,90 ₺",N/A,Tükendi,https://media.watsons.com.tr/medias/sys_master/prd-images/h3a/h5e/13600304037918/prd-front-1481046_1200x1200/prd-front-1481046-1200x1200.jpg
https://www.watsons.com.tr/palette-deluxe-sac-boyasi-5-889-sarap-kizili/p/BP_114229,Palette Deluxe Saç Boyası 5-889 Şarap Kızılı,PALETTE,114229,"449,90 ₺","314,90 ₺",N/A,Tükendi,https://media.watsons.com.tr/medias/sys_master/prd-images/hda/h35/9264623583262/prd-front-114229_1200x1200/prd-front-114229-1200x1200.png
https://www.watsons.com.tr/dynavit-vitamin-b12-1000-mcg-100-adet-dil-alti-tablet-takviye-edici-gida/p/BP_1405152,,,,N/A,N/A,N/A,,
https://www.watsons.com.tr/show-by-pastel-show-your-game-waterproof-gel-eye-pencil-suya-dayanikli-jel-goz-kalemi-410/p/BP_1333066,,,,N/A,N/A,N/A,,
https://www.watsons.com.tr/watsons-organik-yuvarlak-makyaj-pamugu-50-adet/p/BP_163052,Watsons Organik Yuvarlak Makyaj Pamuğu 50 Adet,WATSONS,163052,"39,95 ₺",N/A,,Tükendi,https://media.watsons.com.tr/medias/sys_master/prd-images/he7/h61/9674411245598/prd-front-163052_1200x1200/prd-front-163052-1200x1200.png
https://www.watsons.com.tr/bepanthol-gunluk-yuz-bakim-kremi-50-ml/p/BP_1321614,,,,N/A,N/A,N/A,,
https://www.watsons.com.tr/garnier-saf-temiz-siyah-nokta-karsiti-komurlu-3u-1-arada/p/BP_158072,Garnier Saf &amp; Temiz Siyah Nokta Karşıtı Kömürlü 3'ü 1 arada,GARNIER,158072,"559,90 ₺","334,90 ₺",,Tükendi,https://media.watsons.com.tr/medias/sys_master/prd-images/h65/h23/10287209250846/prd-front-158072_1200x1200/prd-front-158072-1200x1200.png
https://www.watsons.com.tr/pastel-day-long-lipcolor-likit-ruj-51/p/BP_1347500,Pastel Day Long Lipcolor Likit Ruj 51,PASTEL,1347500,"699,90 ₺","279,90 ₺",N/A,Tükendi,https://media.watsons.com.tr/medias/sys_master/prd-images/h62/h08/10070971678750/prd-front-1347500_1200x1200/prd-front-1347500-1200x1200.png
https://www.watsons.com.tr/watsons-ocean-comfort-deodorantdorant-sprey-50-ml/p/BP_1404515,Watsons Ocean Comfort Deodorantdorant Sprey 50 ml,WATSONS,1404515,"109,90 ₺","59,95 ₺",,Tükendi,https://media.watsons.com.tr/medias/sys_master/prd-images/h06/h45/11818865098782/prd-front-1404515_1200x1200/prd-front-1404515-1200x1200.png
https://www.watsons.com.tr/arifoglu-tatli-badem-yagi-50-ml/p/BP_1374737,Arifoğlu Tatlı Badem Yağı 50 ml,ARİFOĞLU,1374737,"329,90 ₺","229,90 ₺",,Tükendi,https://media.watsons.com.tr/medias/sys_master/prd-images/h92/hb3/9595120123934/prd-front-1374737_1200x1200/prd-front-1374737-1200x1200.jpg
https://www.watsons.com.tr/golden-rose-longstay-likit-mat-ruj-no-16/p/BP_168042,Golden Rose Longstay Likit Mat Ruj No: 16,GOLDEN ROSE,168042,"809,90 ₺","323,90 ₺",N/A,Tükendi,https://media.watsons.com.tr/medias/sys_master/prd-images/hce/hca/10207103352862/prd-front-168042_1200x1200/prd-front-168042-1200x1200.jpg
https://www.watsons.com.tr/golden-rose-keratin-oje-glitter-no-414/p/BP_1429771,Golden Rose Keratin Oje Glitter No: 414,GOLDEN ROSE,1429771,"99,95 ₺",N/A,N/A,Tükendi,https://media.watsons.com.tr/medias/sys_master/prd-images/hff/h5c/11949393772574/prd-front-1429771_1200x1200/prd-front-1429771-1200x1200.jpg
https://www.watsons.com.tr/slipstop-golden-mayo-4-5-yas-kiz-cocuk/p/BP_1438773,,,,N/A,N/A,N/A,,
https://www.watsons.com.tr/essence-exc-fabowlous-sac-fiyonklari-01/p/BP_1482880,,,,N/A,N/A,N/A,,
https://www.watsons.com.tr/nascita-takma-tirnak-diamond-24-adet/p/BP_1447320,Nascita Takma Tırnak Diamond 24 Adet,NASCITA EXC.,1447320,"79,95 ₺",N/A,N/A,Tükendi,https://media.watsons.com.tr/medias/sys_master/prd-images/h05/hf0/12450673917982/prd-front-1447320_1200x1200/prd-front-1447320-1200x1200.jpg
https://www.watsons.com.tr/mia-klinika-gozenek-sikilastirici-tonik-200-ml/p/BP_1383235,Mia Klinika Gözenek Sıkılaştırıcı Tonik 200 ml,MIA KLINIKA,1383235,"675,90 ₺","269,90 ₺",N/A,Tükendi,https://media.watsons.com.tr/medias/sys_master/prd-images/he2/h73/10566221627422/prd-front-1383235_1200x1200/prd-front-1383235-1200x1200.jpg
https://www.watsons.com.tr/pastel-dark-matte-lipstick-koyu-mat-ruj-571-fever/p/BP_149404,Pastel Dark Matte  Lipstick Koyu Mat Ruj 571 Fever,PASTEL,149404,"559,90 ₺","223,90 ₺",N/A,Tükendi,https://media.watsons.com.tr/medias/sys_master/prd-images/h97/h94/8902271631390/prd-front-149404_1200x1200/prd-front-149404-1200x1200.jpeg
https://www.watsons.com.tr/watsons-pamuk-100-gr/p/BP_160060,Watsons Pamuk 100 gr,WATSONS,160060,"4,99 ₺",N/A,,Tükendi,https://media.watsons.com.tr/medias/sys_master/prd-images/hd3/h43/8905569599518/prd-front-160060_1200x1200/prd-front-160060-1200x1200.png
https://www.watsons.com.tr/miine-kabak-banyo-lifi/p/BP_1357930,Miine Kabak Banyo Lifi,MIINE,1357930,"369,90 ₺",N/A,,Tükendi,https://media.watsons.com.tr/medias/sys_master/prd-images/h24/h9d/9571633397790/prd-front-1357930_1200x1200/prd-front-1357930-1200x1200.png
https://www.watsons.com.tr/dove-dus-kopugu-acai-yagi-yogun-kopuk-200-ml/p/BP_1374702,Dove Duş Köpüğü Açai Yağı Yoğun Köpük 200 ml,DOVE,1374702,"489,90 ₺","169,90 ₺",N/A,Tükendi,https://media.watsons.com.tr/medias/sys_master/prd-images/h70/hf6/9587438256158/prd-front-1374702_1200x1200/prd-front-1374702-1200x1200.png
https://www.watsons.com.tr/axe-premium-black-vanilya-3in1-dus-jeli-300-ml/p/BP_1434790,Axe Premium Black Vanilya 3in1 Duş Jeli 300 ml,AXE,1434790,"299,90 ₺","174,90 ₺",N/A,Tükendi,https://media.watsons.com.tr/medias/sys_master/prd-images/he8/hca/12270403485726/prd-front-1434790_1200x1200/prd-front-1434790-1200x1200.jpg
https://www.watsons.com.tr/kotex-active-quadro-uzun-16/p/BP_168033,Kotex Active Quadro Uzun 16,N/A,168033,"315,90 ₺","159,90 ₺",N/A,Tükendi,https://media.watsons.com.tr/medias/sys_master/prd-images/he0/hba/9312526630942/prd-front-168033_1200x1200/prd-front-168033-1200x1200.png
https://www.watsons.com.tr/watsons-el-sabunu-kirmizi-meyve-hindistan-cevizi-500-ml/p/BP_1290723,Watsons El Sabunu Kırmızı Meyve &amp; Hindistan Cevizi 500 ml,WATSONS,1290723,"109,90 ₺","59,00 ₺",,Tükendi,https://media.watsons.com.tr/medias/sys_master/prd-images/h90/h71/8960637239326/prd-front-1290723_1200x1200/prd-front-1290723-1200x1200.jpg
