District,Rooms,Price
Talas,1+1,19000.0
Talas,2.5+1,18000.0
Talas,2+1,19900.0
Kocasinan / Fevziçakmak,3+1,15300.0
Melikgazi / Hürriyet,2+1,10500.0
Melikgazi / Kılıçaslan,3+1,4000.0
Talas,2+1,18500.0
Talas,2+1,16000.0
Talas,3+1,19750.0
Talas,3+1,17750.0
Melikgazi / Mimarsinan,3+1,12500.0
Kocasinan / Sanayi,3+1,10900.0
Melikgazi / Hürriyet,2+1,11000.0
Melikgazi / Kılıçaslan,3+1,11000.0
Kocasinan / İldem/Beyazşehir,2+1,10000.0
Melikgazi / Mimarsinan,2.5+1,13500.0
Melikgazi / Şeker/Keykubat,3+1,15000.0
Melikgazi / Mimarsinan,2.5+1,15250.0
Talas,3+1,14500.0
Kocasinan / Sanayi,3+1,11000.0
Kocasinan / Argıncık,2+1,6750.0
Kocasinan / İldem/Beyazşehir,3+1,13500.0
Melikgazi / Mimarsinan,3+1,13000.0
Kocasinan / Erkilet,3+1,16500.0
Talas,2.5+1,18000.0
Kocasinan / Yenimahalle,3+1,16000.0
Kocasinan / Fevziçakmak,3+1,16000.0
Kocasinan / Sanayi,3+1,10000.0
Melikgazi / Mimarsinan,2+1,9000.0
Kocasinan / Yenimahalle,3+1,11000.0
Melikgazi / Kazımkarabekir,2+1,11500.0
Talas,3+1,17000.0
Talas,3+1,17500.0
Talas,2+1,18000.0
Melikgazi / Gesi,3+1,18000.0
Melikgazi / Becen,3+1,15000.0
Melikgazi / Gesi,3+1,15000.0
Melikgazi / Kazımkarabekir,3+1,18000.0
Melikgazi / Şeker/Keykubat,3+1,13500.0
Kocasinan / Erkilet,3+1,17500.0
Kocasinan / Yenişehir,3+1,16000.0
Kocasinan / Fevziçakmak,3+1,17000.0
Melikgazi / Hürriyet,2+1,11500.0
Melikgazi / Hürriyet,3+1,15000.0
Talas,3+1,15000.0
Talas,3+1,18500.0
Talas,2+1,14000.0
Melikgazi / Kılıçaslan,3+1,15000.0
Melikgazi / Hürriyet,3+1,18000.0
Kocasinan / Fevziçakmak,2+1,15000.0
Kocasinan / Fevziçakmak,3+1,15000.0
Talas,Stüdyo (1+0),12500.0
Melikgazi / Gesi,3+1,13500.0
Melikgazi / Kılıçaslan,3+1,10000.0
Melikgazi / Hürriyet,3+1,12000.0
Melikgazi / Hürriyet,1+1,19995.0
Kocasinan / Yenimahalle,2+1,11500.0
Talas,2.5+1,16000.0
Melikgazi / Kılıçaslan,2+1,19000.0
Kocasinan / Merkez,1+1,16729.0
Kocasinan / Fevziçakmak,3+1,13000.0
Kocasinan / Merkez,2+1,16500.0
Kocasinan / Yenişehir,3+1,15500.0
Melikgazi / Kılıçaslan,3+1,9000.0
Kocasinan / Erkilet,3+1,15000.0
Talas,2+1,19000.0
Kocasinan / Merkez,3+1,18000.0
Kocasinan / Merkez,2+1,15500.0
Kocasinan / Merkez,3+1,14000.0
Melikgazi / Şeker/Keykubat,3+1,12000.0
Talas,1+1,14990.0
Kocasinan / Erkilet,3+1,15750.0
Melikgazi / Şeker/Keykubat,3+1,14750.0
Kocasinan / İldem/Beyazşehir,2+1,12000.0
Talas,3+1,17000.0
Kocasinan / Merkez,2+1,16250.0
Kocasinan / Yenimahalle,2+1,10000.0
Kocasinan / Yenimahalle,2+1,8000.0
Kocasinan / Yenimahalle,3+1,14500.0
Kocasinan / İldem/Beyazşehir,3+1,11500.0
Melikgazi / Kılıçaslan,3+0,14000.0
Talas,3+1,9500.0
Talas,3+1,18500.0
Melikgazi / Hürriyet,3+1,13500.0
Kocasinan / Sanayi,3+1,16000.0
Melikgazi / Kılıçaslan,3+1,12500.0
Kocasinan / Erkilet,2+1,16000.0
Melikgazi / Kazımkarabekir,3+1,15000.0
Kocasinan / Sanayi,3+1,14500.0
Kocasinan / Yenimahalle,3+1,9500.0
Talas,1+1,18500.0
Talas,3+1,12000.0
Kocasinan / Yenimahalle,3+1,18000.0
Kocasinan / İldem/Beyazşehir,3+1,13000.0
Talas,1+1,15995.0
Talas,2+1,17500.0
Talas,2+1,19000.0
Kocasinan / Merkez,2+1,13500.0
Talas,3+1,18000.0
Melikgazi / Gesi,2+1,17250.0
Kocasinan / Sanayi,3+1,10750.0
Melikgazi / Merkez,3+1,13000.0
Talas,3+1,17500.0
Kocasinan / Merkez,2+1,10000.0
Kocasinan / Yenimahalle,3+1,12000.0
Talas,3+1,14000.0
Melikgazi / Şeker/Keykubat,3+1,10500.0
Melikgazi / Hürriyet,2+1,19995.0
Talas,2.5+1,17000.0
Melikgazi / Hürriyet,3+1,11000.0
Talas,3+1,15000.0
Kocasinan / Yenişehir,3+1,19000.0
Kocasinan / Fevziçakmak,2+1,18500.0
Kocasinan / Yenimahalle,3+1,16250.0
Melikgazi / Kılıçaslan,3+1,17500.0
Melikgazi / Hürriyet,3+1,16000.0
Talas,2+1,14900.0
Melikgazi / Merkez,3+1,14250.0
Talas,3+1,15000.0
Talas,2+1,14500.0
Kocasinan / Fevziçakmak,3+1,18500.0
Melikgazi / Mimarsinan,3+1,12000.0
Kocasinan / İldem/Beyazşehir,3+1,12000.0
Kocasinan / Yenişehir,3+1,16500.0
Melikgazi / Mimarsinan,3+1,13000.0
Kocasinan / Fevziçakmak,1+1,19995.0
Kocasinan / Fevziçakmak,3+1,17000.0
Talas,2+1,15000.0
Talas,2+1,18500.0
Melikgazi / Becen,3+1,13500.0
Talas,2+1,17000.0
Talas,3+1,17000.0
Melikgazi / Hürriyet,2+1,14500.0
Talas,3+1,18000.0
Talas,1+1,15995.0
Kocasinan / Fevziçakmak,3+1,18000.0
Melikgazi / Mimarsinan,2+1,9500.0
Kocasinan / Yenimahalle,3+1,9750.0
İncesu,2+1,10000.0
Kocasinan / Merkez,2+1,13000.0
Kocasinan / Sanayi,2+1,8000.0
Kocasinan / Yenişehir,3+1,14000.0
Melikgazi / Hürriyet,3+1,12000.0
Melikgazi / Gesi,3+1,19000.0
Talas,3+1,18500.0
Talas,3+1,17000.0
Melikgazi / Şeker/Keykubat,1+1,17000.0
Melikgazi / Hürriyet,3+1,15000.0
Talas,3+1,16000.0
Talas,3+1,18000.0
Talas,1+1,16000.0
Melikgazi / Mimarsinan,3+1,12000.0
Melikgazi / Kılıçaslan,3+1,12000.0
Talas,3+1,15000.0
Kocasinan / Merkez,2+1,15000.0
Kocasinan / Merkez,1+1,16830.0
Talas,2.5+1,18000.0
Melikgazi / Hürriyet,3+1,12500.0
Melikgazi / Kılıçaslan,3+1,10500.0
Kocasinan / İldem/Beyazşehir,3+1,15500.0
Melikgazi / Gesi,3+1,12000.0
Talas,3+1,15000.0
Kocasinan / Merkez,3+1,16000.0
Kocasinan / Yenişehir,3+1,15750.0
Talas,3+1,19000.0
Kocasinan / Fevziçakmak,3+1,15000.0
Melikgazi / Hürriyet,2+1,7000.0
Melikgazi / Mimarsinan,2+1,14000.0
Talas,1+1,14995.0
Talas,3+1,17500.0
Kocasinan / Sanayi,3+1,14000.0
Melikgazi / Kılıçaslan,3+1,14000.0
Talas,3+1,15000.0
Talas,3+1,19000.0
İncesu / Köyler,2.5+1,10000.0
Kocasinan / Merkez,3+1,17000.0
Kocasinan / Yenişehir,3+1,14000.0
Melikgazi / Gesi,3+1,19000.0
Kocasinan / Yenişehir,3+1,17000.0
Talas,2+1,17000.0
Kocasinan / Merkez,3+1,17995.0
Melikgazi / Hürriyet,1+1,17995.0
Kocasinan / Merkez,2+1,15000.0
Kocasinan / Yenişehir,3+1,19000.0
Kocasinan / Fevziçakmak,3+1,15000.0
Melikgazi / Hürriyet,3+1,7250.0
Melikgazi / Gesi,3+1,12500.0
Kocasinan / Merkez,2+1,14500.0
Talas,1+1,16000.0
Kocasinan / Fevziçakmak,3+1,17500.0
Melikgazi / Hürriyet,3+1,15000.0
Melikgazi / Becen,3+1,15000.0
Kocasinan / Merkez,2+1,14250.0
Kocasinan / Merkez,2+1,15000.0
Melikgazi / Mimarsinan,2+1,12000.0
Kocasinan / Yenişehir,3+1,18000.0
Kocasinan / Yenişehir,3+1,17000.0
Melikgazi / Şeker/Keykubat,3+1,18000.0
Melikgazi / Şeker/Keykubat,2+1,17000.0
Kocasinan / Merkez,3+1,17000.0
Kocasinan / İldem/Beyazşehir,3+1,15000.0
Melikgazi / Becen,3+1,17000.0
Talas,2+1,19000.0
Kocasinan / Erkilet,3+1,16000.0
Melikgazi / Merkez,2+1,9000.0
Talas,2+1,17500.0
Melikgazi / Mimarsinan,3+1,10500.0
Kocasinan / Erkilet,3+1,14000.0
Melikgazi / Gesi,3+1,12000.0
Melikgazi / Hürriyet,3+1,19500.0
Talas,2+1,16500.0
Talas,1+1,16995.0
Talas,2+1,15000.0
Melikgazi / Şeker/Keykubat,3+1,15000.0
Melikgazi / Gesi,4+1,17000.0
Kocasinan / Yenişehir,3+1,13000.0
Talas,3+1,16000.0
Kocasinan / Merkez,2+1,15500.0
Melikgazi / Şeker/Keykubat,3+1,9250.0
Melikgazi / Hürriyet,3+1,8000.0
Kocasinan / Fevziçakmak,3+1,13500.0
Melikgazi / Kılıçaslan,3+1,12000.0
Melikgazi / Hürriyet,2+1,17500.0
Kocasinan / Yenişehir,3+1,10500.0
Kocasinan / Erkilet,3+1,15000.0
Kocasinan / Sanayi,3+1,13000.0
Melikgazi / Gesi,3+1,11500.0
Kocasinan / Fevziçakmak,3+1,9000.0
Talas,2.5+1,19000.0
Melikgazi / Hürriyet,3+0,9000.0
Kocasinan / Fevziçakmak,3+1,10000.0
Kocasinan / Sanayi,3+1,16000.0
Kocasinan / Fevziçakmak,2+1,13000.0
Talas,3+1,17000.0
Melikgazi / Mimarsinan,3+1,14500.0
Melikgazi / Hürriyet,3+0,11000.0
Kocasinan / İldem/Beyazşehir,2.5+1,15000.0
Melikgazi / Şeker/Keykubat,3+1,17000.0
Melikgazi / Becen,2+1,11500.0
Melikgazi / Gesi,3+1,17000.0
Talas,3+1,18000.0
Melikgazi / Mimarsinan,1+1,13000.0
Kocasinan / Merkez,2+1,16000.0
Melikgazi / Kılıçaslan,1+1,14000.0
Melikgazi / Kılıçaslan,3+1,14000.0
Melikgazi / Kılıçaslan,3+1,17000.0
Kocasinan / Merkez,2+1,14500.0
Kocasinan / Merkez,2+1,15000.0
Kocasinan / Merkez,3+1,14000.0
Kocasinan / Fevziçakmak,3+1,9500.0
İncesu,3+1,13000.0
Talas,1+1,18995.0
Talas,3+1,17000.0
Kocasinan / Erkilet,3+1,14750.0
Melikgazi / Çiftlik,3+1,15000.0
Melikgazi / Hürriyet,2+1,11500.0
Kocasinan / Erkilet,2+1,13000.0
Talas,2+1,19000.0
Melikgazi / Çiftlik,3+1,15500.0
Talas,3+1,15000.0
Kocasinan / Merkez,1+1,17065.0
Melikgazi / Gesi,3+1,18000.0
Talas,3+1,14000.0
Kocasinan / Merkez,2+1,19250.0
Talas,3+1,19000.0
Talas,3+1,18750.0
Talas,2+1,18000.0
Talas,3+1,19000.0
Kocasinan / Merkez,2+1,15250.0
Kocasinan / Erkilet,2+1,14000.0
Talas,2+1,7800.0
Kocasinan / Erkilet,2+1,15000.0
Melikgazi / Şeker/Keykubat,2+1,15000.0
Talas,3+1,13500.0
Melikgazi / Kılıçaslan,3+1,18000.0
Kocasinan / Fevziçakmak,3+1,12500.0
Melikgazi / Kazımkarabekir,3+1,17500.0
Talas,3+1,16000.0
Talas,3+1,12000.0
Melikgazi / Şeker/Keykubat,3+1,13000.0
Talas,3+1,11500.0
Melikgazi / Çiftlik,2+1,12000.0
Melikgazi / Şeker/Keykubat,3+1,12000.0
Melikgazi / Mimarsinan,3+1,13000.0
Melikgazi / Gesi,3+1,18200.0
Kocasinan / Sanayi,2+1,17000.0
Kocasinan / Fevziçakmak,3+1,16500.0
Melikgazi / Mimarsinan,3+1,14500.0
Talas,3+1,19000.0
Talas,3+1,14500.0
Melikgazi / Şeker/Keykubat,3+1,11000.0
Kocasinan / İldem/Beyazşehir,3+1,14000.0
Kocasinan / Yenişehir,3+1,12000.0
Talas,3+1,17500.0
Talas,3+1,19000.0
Melikgazi / Mimarsinan,2+1,10000.0
Kocasinan / Yenişehir,2+1,9500.0
Kocasinan / Erkilet,3+1,17500.0
Talas,3+1,15000.0
Develi,3+1,13250.0
Develi,3+1,12000.0
Kocasinan / Fevziçakmak,2+1,13000.0
Melikgazi / Gesi,3+1,14000.0
Kocasinan / Fevziçakmak,3+1,16000.0
Kocasinan / Erkilet,2+1,13750.0
Kocasinan / Yenişehir,3+1,14000.0
Kocasinan / Sanayi,3+1,11900.0
Melikgazi / Gesi,3+1,15500.0
Talas,2+0,16000.0
Kocasinan / Erkilet,2+1,13000.0
Melikgazi / Gesi,3+1,12000.0
Kocasinan / Sanayi,3+1,10000.0
Talas,2+1,17000.0
Kocasinan / Fevziçakmak,3+1,19000.0
Kocasinan / İldem/Beyazşehir,3+1,13900.0
Kocasinan / Yenişehir,2+1,14000.0
Talas,3+1,19000.0
Talas,1+1,16500.0
Kocasinan / Yenimahalle,2+1,12000.0
Talas,1+1,16990.0
Kocasinan / Merkez,2+1,19000.0
Kocasinan / Fevziçakmak,3+1,10500.0
Melikgazi / Kılıçaslan,2+1,14000.0
Kocasinan / İldem/Beyazşehir,3+1,11000.0
Bünyan / Gölova (Palas),3+1,15000.0
Talas,3+1,4500.0
Melikgazi / Kılıçaslan,3+1,18000.0
Melikgazi / Hürriyet,2.5+1,9500.0
Talas,3+1,10500.0
Melikgazi / Kılıçaslan,2+1,8500.0
Talas,3+1,17500.0
Kocasinan / Erkilet,2+1,11500.0
Melikgazi / Şeker/Keykubat,2+1,11000.0
Kocasinan / Erkilet,4+0,16000.0
Melikgazi / Şeker/Keykubat,3+1,14000.0
Kocasinan / Yenişehir,3+1,17500.0
Kocasinan / Merkez,3+1,17500.0
Melikgazi / Hürriyet,2.5+1,9500.0
Kocasinan / Fevziçakmak,3+1,13000.0
Kocasinan / Yenimahalle,3+1,16000.0
Kocasinan / Fevziçakmak,1+1,8500.0
Talas,3+1,18000.0
Talas,2+1,16500.0
Develi,2+1,15000.0
Kocasinan / Yenişehir,2+1,10000.0
Melikgazi / Gesi,3+1,18500.0
Melikgazi / Hürriyet,3+1,15000.0
Kocasinan / Yenişehir,3+1,15000.0
Kocasinan / Yenişehir,2+1,11750.0
Kocasinan / Merkez,4+0,16000.0
Melikgazi / Kılıçaslan,2+1,19000.0
Melikgazi / Çiftlik,3+1,19000.0
Kocasinan / Sanayi,3+1,10250.0
Talas,3+1,16850.0
Melikgazi / Kazımkarabekir,2.5+1,18500.0
Talas,2+1,16000.0
Melikgazi / Mimarsinan,3+1,17000.0
Kocasinan / Fevziçakmak,3+1,12950.0
Melikgazi / Mimarsinan,2.5+1,15000.0
Talas,2+1,15000.0
Talas,3+1,15000.0
Melikgazi / Hürriyet,3+1,18000.0
Melikgazi / Mimarsinan,3+1,11000.0
Melikgazi / Gesi,3+1,16000.0
Melikgazi / Gesi,3+1,14500.0
Melikgazi / Kılıçaslan,3+1,16500.0
Kocasinan / Sanayi,3+1,10000.0
Melikgazi / Mimarsinan,2+1,16500.0
Melikgazi / Becen,3+1,15000.0
Melikgazi / Kılıçaslan,3+1,16000.0
Kocasinan / Erkilet,3+1,18000.0
Kocasinan / Fevziçakmak,3+1,11000.0
Talas,3+1,17000.0
Melikgazi / Şeker/Keykubat,3+1,17500.0
Melikgazi / Kılıçaslan,3+1,17000.0
Talas,3+1,8000.0
Melikgazi / Hürriyet,2+1,8000.0
Melikgazi / Şeker/Keykubat,3+1,13500.0
Kocasinan / Yenişehir,2.5+1,15500.0
Melikgazi / Mimarsinan,3+1,12000.0
Melikgazi / Gesi,4+1,17000.0
Melikgazi / Gesi,4+1,17500.0
Melikgazi / Mimarsinan,3+1,15000.0
Melikgazi / Kılıçaslan,3+1,18000.0
Kocasinan / Yenişehir,3+1,17000.0
Kocasinan / Merkez,2+1,12750.0
Kocasinan / Fevziçakmak,2+1,12500.0
Kocasinan / İldem/Beyazşehir,3+1,13000.0
Kocasinan / İldem/Beyazşehir,3+2,19000.0
Melikgazi / Kılıçaslan,3+1,17250.0
Kocasinan / Fevziçakmak,2+1,12500.0
Melikgazi / Mimarsinan,3+1,11000.0
Talas,2+1,18000.0
Melikgazi / Hürriyet,2+1,15000.0
Kocasinan / Yenişehir,3+1,12500.0
Talas,3+1,16000.0
Talas,3+1,17500.0
Melikgazi / Hürriyet,3+1,10000.0
Develi,2+1,12500.0
Melikgazi / Mimarsinan,3+1,12000.0
Kocasinan / Sanayi,2+1,8000.0
Melikgazi / Becen,3+1,15500.0
Talas,2+1,17500.0
Kocasinan / Merkez,1+1,16000.0
Talas,1+1,16995.0
Melikgazi / Gesi,4+1,16500.0
Talas,3+1,19000.0
Talas,3+1,16000.0
Kocasinan / Yenişehir,3+1,13000.0
Melikgazi / Kılıçaslan,3+1,16000.0
Melikgazi / Hürriyet,3.5+1,17000.0
Talas,2+1,18500.0
Kocasinan / Yenimahalle,3+1,17000.0
Melikgazi / Becen,3+1,14000.0
Kocasinan / Yenişehir,2+1,14000.0
Melikgazi / Mimarsinan,3+1,17000.0
Melikgazi / Hürriyet,3+1,8000.0
Talas,3+1,17000.0
Kocasinan / Erkilet,2+1,13000.0
Kocasinan / Fevziçakmak,3+1,12500.0
Melikgazi / Mimarsinan,3+1,15000.0
Talas,3+1,17000.0
Kocasinan / Fevziçakmak,2+1,8000.0
Melikgazi / Mimarsinan,2+1,10500.0
Melikgazi / Mimarsinan,2+1,11500.0
Kocasinan / Yenişehir,3+1,19000.0
Kocasinan / Fevziçakmak,3+1,11750.0
Kocasinan / Yenişehir,3+1,17000.0
Kocasinan / Erkilet,2+1,15000.0
Kocasinan / İldem/Beyazşehir,2+1,10000.0
Talas,3+1,13500.0
Talas,2+1,17750.0
Kocasinan / İldem/Beyazşehir,3+1,15000.0
Melikgazi / Kılıçaslan,3+1,19000.0
Melikgazi / Şeker/Keykubat,3+1,10000.0
Kocasinan / Yenimahalle,3+1,18500.0
Kocasinan / Yenimahalle,4+1,15000.0
Kocasinan / Yenimahalle,3+1,5750.0
Talas,3+1,15250.0
Melikgazi / Şeker/Keykubat,3+1,14000.0
Kocasinan / Yenimahalle,3+1,13000.0
Kocasinan / Yenişehir,3+1,15000.0
Melikgazi / Kılıçaslan,3+1,14500.0
Melikgazi / Hürriyet,2+1,12000.0
Kocasinan / Erkilet,4+1,15000.0
Kocasinan / Erkilet,3+1,14750.0
Kocasinan / Sanayi,2+1,9000.0
Melikgazi / Kazımkarabekir,3+1,16250.0
Talas,2.5+1,18500.0
Talas,2+1,17000.0
Talas,2+1,11000.0
Kocasinan / Fevziçakmak,3+1,12250.0
Talas,3+1,11000.0
Talas,3+1,15500.0
Melikgazi / Merkez,3+1,18000.0
Melikgazi / Mimarsinan,3+1,18000.0
Talas,1+1,15990.0
Kocasinan / Yenişehir,2+1,15000.0
Kocasinan / Yenimahalle,3+1,12000.0
Kocasinan / Merkez,2.5+1,16000.0
Melikgazi / Gesi,4+1,16500.0
Kocasinan / Yenişehir,2+1,12000.0
Talas,2+1,19000.0
Melikgazi / Şeker/Keykubat,2.5+1,18000.0
Kocasinan / Yenişehir,3+1,15000.0
Talas,2+1,16500.0
Melikgazi / Mimarsinan,3+1,9500.0
Talas,3+1,18000.0
Talas,3+1,19000.0
Melikgazi / Mimarsinan,4+1,18500.0
Melikgazi / Hürriyet,2.5+1,15000.0
Talas,2+1,17500.0
Kocasinan / Yenişehir,3+1,11500.0
Talas,3+1,18750.0
Melikgazi / Çiftlik,3+1,14000.0
Kocasinan / Argıncık,2+1,8500.0
Melikgazi / Şeker/Keykubat,3+1,12500.0
Talas,2.5+1,18000.0
Talas,3+1,12500.0
Develi,2+1,13500.0
Kocasinan / İldem/Beyazşehir,3+1,11800.0
Melikgazi / Gesi,3+1,12500.0
Talas,3+1,17500.0
Melikgazi / Gesi,3+1,18000.0
Talas,3+1,15000.0
Melikgazi / Kılıçaslan,3+1,15000.0
Melikgazi / Kılıçaslan,3+1,10000.0
Talas,3+1,12000.0
Kocasinan / Yenişehir,3+1,14500.0
Kocasinan / Yenişehir,3+1,11000.0
Kocasinan / Argıncık,3+1,15000.0
Kocasinan / Erkilet,3+1,18000.0
Melikgazi / Şeker/Keykubat,3+1,13500.0
Kocasinan / Fevziçakmak,3+1,12000.0
Melikgazi / Mimarsinan,2+1,14500.0
Talas,3+1,19500.0
Melikgazi / Kılıçaslan,3+1,18000.0
Kocasinan / Erkilet,2+1,10500.0
Talas,2+1,15000.0
Melikgazi / Mimarsinan,2+1,10500.0
Melikgazi / Mimarsinan,3+1,12000.0
Kocasinan / İldem/Beyazşehir,3+1,14000.0
Talas,1+1,14750.0
Kocasinan / İldem/Beyazşehir,3+1,15000.0
Kocasinan / Merkez,2+1,15500.0
Kocasinan / Yenişehir,3+1,15000.0
Talas,3+1,16750.0
Kocasinan / İldem/Beyazşehir,3+1,13000.0
Melikgazi / Mimarsinan,3+1,11500.0
Melikgazi / Hürriyet,3+1,16500.0
Kocasinan / Yenişehir,3+1,17000.0
Kocasinan / İldem/Beyazşehir,3+1,13500.0
Melikgazi / Kazımkarabekir,3+1,13000.0
Talas,2.5+1,18000.0
Talas,3+1,15500.0
Talas,3+1,17000.0
Melikgazi / Hürriyet,3+1,6500.0
Melikgazi / Şeker/Keykubat,3+1,18500.0
Talas,3+1,18000.0
Melikgazi / Mimarsinan,2+1,15000.0
Melikgazi / Mimarsinan,2+1,10500.0
Melikgazi / Mimarsinan,3+1,17000.0
Talas,3+1,18500.0
Melikgazi / Hürriyet,2+1,7500.0
Kocasinan / Fevziçakmak,3+1,12000.0
Melikgazi / Hürriyet,3+1,7500.0
Melikgazi / Şeker/Keykubat,2+1,14500.0
Talas,2+1,18500.0
Kocasinan / Merkez,2+1,18950.0
Melikgazi / Şeker/Keykubat,3+1,12000.0
Pınarbaşı,2+1,15000.0
Melikgazi / Şeker/Keykubat,3+1,15000.0
Talas,3+1,19450.0
Kocasinan / Yenişehir,3+1,19000.0
Melikgazi / Becen,2.5+1,11000.0
Melikgazi / Çiftlik,3+1,14000.0
Kocasinan / Erkilet,3+1,17000.0
Kocasinan / Yenimahalle,3+1,17500.0
Talas,3+1,14500.0
Yahyalı,1+1,14000.0
Kocasinan / Merkez,1+1,19000.0
Kocasinan / İldem/Beyazşehir,2+1,10000.0
Melikgazi / Mimarsinan,3+1,9500.0
Develi,3+1,10000.0
İncesu / Köyler,2+1,10000.0
Kocasinan / Yenimahalle,2+1,8000.0
Talas,1+1,16000.0
Talas,2+1,17000.0
Talas,3+1,10500.0
Kocasinan / Merkez,1+1,13500.0
Kocasinan / Sanayi,2+1,8000.0
Melikgazi / Gesi,2+1,14500.0
Kocasinan / Fevziçakmak,3+1,17500.0
Talas,3+1,18500.0
Kocasinan / Erkilet,3+1,16500.0
Melikgazi / Becen,2+1,7500.0
Kocasinan / Sanayi,2+1,13000.0
Kocasinan / Yenişehir,3+1,19000.0
Hacılar,3+1,16000.0
Melikgazi / Şeker/Keykubat,3+1,11500.0
Kocasinan / İldem/Beyazşehir,3+1,14000.0
Yeşilhisar,2+1,11000.0
Kocasinan / Erkilet,2+1,12500.0
Kocasinan / Yenişehir,3+1,10000.0
Kocasinan / İldem/Beyazşehir,2.5+1,15000.0
Kocasinan / Yenimahalle,3+1,19000.0
Kocasinan / Sanayi,3+1,12000.0
Melikgazi / Mimarsinan,3+1,12000.0
Kocasinan / İldem/Beyazşehir,2.5+1,17500.0
Melikgazi / Gesi,3+1,18000.0
Melikgazi / Mimarsinan,2+1,12000.0
Talas,3+1,15000.0
Melikgazi / Gesi,3+1,12000.0
Kocasinan / İldem/Beyazşehir,3+1,14000.0
Talas,3+1,19000.0
Kocasinan / Merkez,2.5+1,15000.0
Kocasinan / Yenişehir,3+1,19000.0
Melikgazi / Gesi,2+1,11000.0
Kocasinan / Yenimahalle,3+1,11000.0
Melikgazi / Mimarsinan,2+1,14500.0
Kocasinan / Yenişehir,3+1,16000.0
Kocasinan / Fevziçakmak,2+1,13000.0
İncesu,2+1,10500.0
Kocasinan / Sanayi,2+1,8000.0
Melikgazi / Çiftlik,3+1,17000.0
Melikgazi / Kılıçaslan,3+1,14000.0
Kocasinan / Erkilet,3+1,18000.0
Kocasinan / Fevziçakmak,3+1,10000.0
Kocasinan / Yenişehir,3+1,12500.0
Kocasinan / Merkez,2+1,13000.0
Talas,2+1,16000.0
Melikgazi / Becen,3+1,13500.0
Kocasinan / Yenimahalle,3+1,17000.0
Melikgazi / Kazımkarabekir,3+1,15000.0
Talas,3+1,18500.0
Talas,2+1,16000.0
Kocasinan / Sanayi,3+1,10000.0
Kocasinan / Merkez,3+1,16000.0
Kocasinan / Yenişehir,3+1,17000.0
Melikgazi / Mimarsinan,3+1,11000.0
Kocasinan / İldem/Beyazşehir,3+1,13000.0
Talas,3+1,18500.0
Kocasinan / İldem/Beyazşehir,2+1,10500.0
Melikgazi / Mimarsinan,3+1,18000.0
Kocasinan / Merkez,1+1,17000.0
Kocasinan / Sanayi,3+1,13000.0
Melikgazi / Hürriyet,3+1,18000.0
Melikgazi / Hürriyet,2+1,18000.0
Kocasinan / Fevziçakmak,3+1,18000.0
Talas,2.5+1,16500.0
Melikgazi / Şeker/Keykubat,3+1,12750.0
İncesu,2+1,10000.0
Melikgazi / Mimarsinan,2+1,15995.0
Kocasinan / Yenişehir,2+1,14000.0
Talas,3+1,19500.0
Melikgazi / Gesi,3+1,14000.0
Talas,3+1,12500.0
Kocasinan / Merkez,4+0,14500.0
Melikgazi / Hürriyet,2+1,6000.0
Pınarbaşı,3+1,15000.0
Kocasinan / Argıncık,3+0,6000.0
Talas,1+1,14000.0
Talas,1+1,14990.0
Melikgazi / Hürriyet,3+1,18000.0
Kocasinan / Merkez,1+1,15000.0
Kocasinan / Fevziçakmak,3+1,14000.0
Kocasinan / Fevziçakmak,3+1,17000.0
Kocasinan / Merkez,2+1,15500.0
Talas,3+1,17000.0
Kocasinan / Fevziçakmak,3+1,18000.0
Kocasinan / Argıncık,3+1,9000.0
Kocasinan / Merkez,3+1,13000.0
Melikgazi / Kılıçaslan,1+1,12500.0
Talas,3+1,18500.0
Kocasinan / Yenişehir,3+1,12000.0
Melikgazi / Hürriyet,2+1,9000.0
Kocasinan / Yenimahalle,3+1,13000.0
Melikgazi / Hürriyet,3+1,16000.0
Yahyalı,1+1,16500.0
Melikgazi / Mimarsinan,3+1,11000.0
Talas,3+1,19500.0
Talas,3+1,15000.0
Kocasinan / İldem/Beyazşehir,3+1,14500.0
Melikgazi / Mimarsinan,3+1,11500.0
Talas,3+1,19000.0
Kocasinan / İldem/Beyazşehir,2+1,10000.0
Kocasinan / İldem/Beyazşehir,2.5+1,18500.0
Melikgazi / Mimarsinan,3+1,15000.0
Kocasinan / Fevziçakmak,3+1,15000.0
Kocasinan / Sanayi,3+1,12500.0
Kocasinan / Merkez,2+1,13000.0
Melikgazi / Mimarsinan,2+1,10000.0
Kocasinan / Erkilet,3+1,15000.0
Melikgazi / Mimarsinan,3+1,14000.0
Kocasinan / Fevziçakmak,2+1,6000.0
Talas,3+1,18000.0
Melikgazi / Mimarsinan,3+1,14000.0
Melikgazi / Şeker/Keykubat,3+1,16000.0
Melikgazi / Hürriyet,2+1,9000.0
Melikgazi / Şeker/Keykubat,3+1,17000.0
Melikgazi / Mimarsinan,2+1,10500.0
Kocasinan / Yenişehir,3+1,17000.0
Develi,3+1,12500.0
Kocasinan / Sanayi,3+1,13500.0
Develi,3+1,13000.0
Talas,1+1,18000.0
Talas,2+1,18500.0
Melikgazi / Çiftlik,3+1,9000.0
Talas,2+1,16750.0
Kocasinan / Merkez,2+1,19500.0
Melikgazi / Şeker/Keykubat,2+1,16000.0
Kocasinan / Yenişehir,3+1,12500.0
Kocasinan / Argıncık,2+1,8000.0
Melikgazi / Hürriyet,3+1,18000.0
Kocasinan / Yenişehir,3+1,13750.0
Talas,1+1,16975.0
Melikgazi / Mimarsinan,3+1,17000.0
Melikgazi / Merkez,3+1,15500.0
Melikgazi / Şeker/Keykubat,3+1,13750.0
Melikgazi / Gesi,2+1,10500.0
Kocasinan / İldem/Beyazşehir,3+1,16500.0
Kocasinan / Fevziçakmak,3+1,10500.0
Kocasinan / Sanayi,2+1,13000.0
Kocasinan / Erkilet,3+1,18000.0
Kocasinan / Fevziçakmak,3+1,15500.0
Kocasinan / İldem/Beyazşehir,2.5+1,15000.0
Kocasinan / Erkilet,3+1,18000.0
Melikgazi / Mimarsinan,2.5+1,10000.0
Melikgazi / Gesi,3+1,15000.0
Talas,2+1,16500.0
Melikgazi / Kılıçaslan,4+1,17500.0
Melikgazi / Becen,3+1,13500.0
Melikgazi / Mimarsinan,3+1,12000.0
Melikgazi / Kazımkarabekir,3+1,12500.0
Melikgazi / Mimarsinan,2+1,10000.0
Talas,2+1,19000.0
Talas,3+1,19000.0
Melikgazi / Kazımkarabekir,3+1,16895.0
Kocasinan / Merkez,1+1,16895.0
Kocasinan / Merkez,2+1,10500.0
Develi,3+1,13500.0
Kocasinan / Erkilet,3+1,13000.0
Melikgazi / Kılıçaslan,3+1,16000.0
Kocasinan / Sanayi,3+1,10000.0
Melikgazi / Hürriyet,2+1,9750.0
Kocasinan / Yenimahalle,3+1,18000.0
Kocasinan / Fevziçakmak,2+1,12000.0
Kocasinan / Fevziçakmak,3+1,16000.0
Kocasinan / Merkez,2+1,17000.0
Talas,3+1,14000.0
Kocasinan / Erkilet,2+1,12500.0
Talas,3+1,16000.0
Kocasinan / Yenimahalle,3+1,11000.0
Kocasinan / Yenişehir,3+1,10000.0
Kocasinan / Erkilet,2+1,14000.0
Melikgazi / Hürriyet,3+1,14500.0
Talas,3+1,18500.0
Talas,2+1,18000.0
Kocasinan / İldem/Beyazşehir,3+1,12000.0
Kocasinan / Sanayi,3+1,16000.0
Melikgazi / Kılıçaslan,2+1,10500.0
Kocasinan / Fevziçakmak,3+1,14000.0
Talas,1+1,17000.0
Melikgazi / Gesi,4+1,18000.0
Melikgazi / Becen,3+1,17000.0
Kocasinan / Argıncık,3+1,19000.0
Melikgazi / Hürriyet,2+1,10500.0
Melikgazi / Mimarsinan,3+1,13000.0
Talas,3+1,13500.0
Kocasinan / Fevziçakmak,3+1,10000.0
Melikgazi / Şeker/Keykubat,3+1,13000.0
Talas,3+1,17000.0
Kocasinan / Yenişehir,2+1,9499.0
Melikgazi / Hürriyet,3+1,8000.0
Kocasinan / Argıncık,2+1,6000.0
Talas,3+1,14500.0
Melikgazi / Mimarsinan,3+1,15000.0
Kocasinan / Merkez,3+1,17500.0
Melikgazi / Şeker/Keykubat,3+1,18500.0
Kocasinan / Argıncık,3+1,12000.0
Talas,1+1,18995.0
Talas,3+1,18500.0
Talas,2+1,10500.0
Kocasinan / Fevziçakmak,3+1,15000.0
Talas,3+1,18500.0
Melikgazi / Hürriyet,2+1,12500.0
Melikgazi / Becen,2+1,12750.0
Talas,3+1,13000.0
Kocasinan / Fevziçakmak,3+1,14000.0
Melikgazi / Gesi,2.5+1,15100.0
Kocasinan / Erkilet,2+1,14500.0
Melikgazi / Mimarsinan,4+1,17000.0
Talas,3+1,18000.0
Talas,1+1,16975.0
Kocasinan / Merkez,2+1,14500.0
Kocasinan / Sanayi,3+1,6000.0
Melikgazi / Kazımkarabekir,3+1,15000.0
Kocasinan / Merkez,3+1,18000.0
Kocasinan / Yenimahalle,2+1,9500.0
Talas,3+1,18500.0
Melikgazi / Mimarsinan,3+1,12500.0
Melikgazi / Çiftlik,3+1,11500.0
Kocasinan / İldem/Beyazşehir,3+1,13000.0
Kocasinan / Erkilet,2+1,12500.0
Melikgazi / Mimarsinan,3+1,18000.0
Kocasinan / Sanayi,3+1,14000.0
Melikgazi / Hürriyet,3+1,10000.0
Kocasinan / Sanayi,3+1,16000.0
Talas,3+1,19000.0
Kocasinan / Fevziçakmak,2+1,9500.0
Melikgazi / Mimarsinan,2+1,17500.0
Kocasinan / Erkilet,3+1,19500.0
Melikgazi / Kazımkarabekir,3+1,15000.0
Talas,3+1,19250.0
Kocasinan / Merkez,1+1,17500.0
Talas,3+1,15000.0
Melikgazi / Gesi,3+1,15000.0
Melikgazi / Şeker/Keykubat,3+1,12500.0
Kocasinan / Merkez,2+1,15000.0
Melikgazi / Hürriyet,2+1,6500.0
Talas,3+1,14000.0
Kocasinan / İldem/Beyazşehir,2+1,18000.0
Kocasinan / Sanayi,2+1,18000.0
Melikgazi / Kılıçaslan,2+1,10000.0
Kocasinan / Yenişehir,2+1,11500.0
Kocasinan / Fevziçakmak,3+1,9000.0
Kocasinan / Erkilet,3+1,18750.0
Talas,3+1,18000.0
Kocasinan / Sanayi,2+1,10000.0
Melikgazi / Kılıçaslan,2.5+1,8250.0
Kocasinan / Yenişehir,3+1,15000.0
Kocasinan / Fevziçakmak,3+1,13000.0
Kocasinan / Erkilet,3+1,17000.0
Melikgazi / Mimarsinan,2+1,7999.0
Kocasinan / Yenişehir,3+1,15000.0
Kocasinan / Merkez,1+1,17000.0
Kocasinan / İldem/Beyazşehir,3+1,12000.0
Talas,1+1,18000.0
Kocasinan / Fevziçakmak,2+1,5000.0
Talas,3+1,11000.0
Kocasinan / Fevziçakmak,3+1,10000.0
Melikgazi / Hürriyet,2.5+1,19000.0
Melikgazi / Şeker/Keykubat,3+1,9500.0
Talas,3+1,18000.0
Talas,3+1,17000.0
Kocasinan / Fevziçakmak,3+1,18000.0
Talas,2.5+1,19000.0
Talas,3+1,18000.0
Melikgazi / Kılıçaslan,4+1,15500.0
Melikgazi / Mimarsinan,3+1,18000.0
Melikgazi / Gesi,3+1,16000.0
Kocasinan / Yenişehir,2+1,15000.0
Kocasinan / Sanayi,2+1,19000.0
Talas,2.5+1,17500.0
Melikgazi / Gesi,2+1,12000.0
Kocasinan / Fevziçakmak,3+1,7500.0
Kocasinan / Erkilet,2+1,15000.0
Melikgazi / Kılıçaslan,2+1,19000.0
Kocasinan / Merkez,3+1,17000.0
Kocasinan / Yenişehir,2+1,12500.0
Kocasinan / Yenimahalle,3+1,15000.0
Melikgazi / Şeker/Keykubat,3+1,11500.0
Kocasinan / Erkilet,2+1,13500.0
Kocasinan / Erkilet,2+1,14000.0
Melikgazi / Mimarsinan,3+1,13000.0
Melikgazi / Gesi,2+1,10000.0
Melikgazi / Mimarsinan,3+1,11500.0
Kocasinan / Argıncık,2+1,12000.0
Melikgazi / Kılıçaslan,3+1,17500.0
Melikgazi / Şeker/Keykubat,3+1,11500.0
Melikgazi / Çiftlik,3+1,18000.0
Kocasinan / Merkez,3+1,16000.0
Talas,3+1,18000.0
Kocasinan / Yenimahalle,3+1,7500.0
Kocasinan / Merkez,2.5+1,13500.0
Melikgazi / Kılıçaslan,3+1,9000.0
Melikgazi / Mimarsinan,2+1,15000.0
Talas,1+1,17000.0
Talas,3+1,16000.0
Talas,3+1,18750.0
Kocasinan / Yenimahalle,3+1,11750.0
Melikgazi / Gesi,2.5+1,15000.0
Talas,3+1,17000.0
Melikgazi / Kazımkarabekir,3+1,17000.0
Kocasinan / Merkez,1+1,17000.0
Kocasinan / Merkez,2.5+1,14500.0
Melikgazi / Kılıçaslan,3+1,18000.0
Talas,3+1,16000.0
Kocasinan / Fevziçakmak,3+1,10250.0
Kocasinan / Yenişehir,3+1,17500.0
Kocasinan / Merkez,1+1,16000.0
Kocasinan / Merkez,1+1,16000.0
Kocasinan / Erkilet,2+1,15000.0
Kocasinan / Yenimahalle,3+1,18000.0
Melikgazi / Hürriyet,3+1,14000.0
Talas,2+1,14000.0
Talas,3+1,15000.0
Kocasinan / Fevziçakmak,2+1,15000.0
Melikgazi / Hürriyet,3+1,13500.0
Melikgazi / Çiftlik,3+1,12500.0
Talas,3+1,11500.0
Talas,2+1,16000.0
Kocasinan / Yenimahalle,2+1,8000.0
Melikgazi / Kılıçaslan,3+1,16500.0
Melikgazi / Gesi,3+1,13000.0
Kocasinan / İldem/Beyazşehir,3+1,13000.0
Talas,3+1,15000.0
Melikgazi / Mimarsinan,3+1,17500.0
Melikgazi / Gesi,3+1,13500.0
Talas,2+1,15000.0
Talas,2+1,16500.0
Kocasinan / Merkez,2+1,14500.0
Melikgazi / Mimarsinan,3+1,16250.0
Talas,3+1,15000.0
Melikgazi / Kılıçaslan,3+1,15000.0
Melikgazi / Mimarsinan,3+1,11000.0
Talas,1+1,14250.0
Talas,3+1,12000.0
Melikgazi / Şeker/Keykubat,3+1,16000.0
Melikgazi / Gesi,3+1,12500.0
Melikgazi / Becen,3+1,15000.0
Kocasinan / Yenişehir,3+1,16500.0
Kocasinan / Yenimahalle,2+1,10000.0
Talas,2+1,16000.0
Melikgazi / Mimarsinan,2+1,14000.0
Melikgazi / Mimarsinan,3+1,18000.0
Melikgazi / Gesi,4+1,17000.0
Talas,2+1,11000.0
Kocasinan / Fevziçakmak,2+1,16250.0
Hacılar,4+1,9000.0
Melikgazi / Şeker/Keykubat,3+1,13000.0
Kocasinan / Erkilet,3+1,13000.0
Melikgazi / Gesi,2+1,14000.0
İncesu,2+1,11000.0
Kocasinan / Merkez,3+0,15100.0
Melikgazi / Gesi,3+1,15000.0
Melikgazi / Kılıçaslan,3+1,14000.0
Melikgazi / Hürriyet,2+1,7200.0
Melikgazi / Hürriyet,3+1,11500.0
Melikgazi / Şeker/Keykubat,3+1,12000.0
Melikgazi / Merkez,3+1,14250.0
Talas,3+1,17500.0
Melikgazi / Mimarsinan,3+1,15000.0
Melikgazi / Gesi,3+1,18000.0
Melikgazi / Kılıçaslan,2+1,9000.0
Kocasinan / Erkilet,2+1,14500.0
Talas,3+1,17000.0
Kocasinan / Yenimahalle,2.5+1,11000.0
Melikgazi / Gesi,2+1,17000.0
Kocasinan / Yenişehir,2+1,11000.0
Kocasinan / Merkez,3+0,16250.0
Melikgazi / Mimarsinan,3+1,17000.0
Melikgazi / Hürriyet,3+1,14000.0
Kocasinan / Erkilet,2+1,13500.0
Talas,3+1,12000.0
Melikgazi / Gesi,3+1,18000.0
Kocasinan / Merkez,1+1,13000.0
Talas,3+1,18500.0
Melikgazi / Kılıçaslan,3+1,13000.0
Kocasinan / Merkez,2+1,16500.0
Kocasinan / İldem/Beyazşehir,3+1,17500.0
Talas,1+1,15990.0
Melikgazi / Mimarsinan,3+1,11000.0
Talas,3+1,16000.0
Kocasinan / Yenişehir,2+1,13500.0
Kocasinan / Erkilet,2+1,14000.0
Talas,1+1,15995.0
Melikgazi / Hürriyet,3+1,15750.0
Melikgazi / Şeker/Keykubat,3+1,15000.0
Talas,1+1,16995.0
Talas,2+1,18000.0
Kocasinan / Sanayi,2+1,18500.0
Talas,3+1,18000.0
Kocasinan / Merkez,3+1,17400.0
Kocasinan / Merkez,2+1,14000.0
Talas,2+1,19500.0
Melikgazi / Gesi,3+1,14000.0
Kocasinan / Yenişehir,3+1,18000.0
Kocasinan / Fevziçakmak,2.5+1,10000.0
Melikgazi / Şeker/Keykubat,3+1,8000.0
Kocasinan / İldem/Beyazşehir,3+1,12000.0
Melikgazi / Gesi,3+1,15000.0
Melikgazi / Gesi,3+1,11000.0
Melikgazi / Mimarsinan,3+1,16000.0
Kocasinan / Yenişehir,2+1,12500.0
Melikgazi / Gesi,3+1,14500.0
Talas,3+1,15000.0
Kocasinan / Sanayi,3+1,9750.0
Melikgazi / Kılıçaslan,3+1,17000.0
Melikgazi / Hürriyet,3+1,16500.0
Melikgazi / Merkez,3+1,17500.0
Kocasinan / Merkez,3+1,16000.0
Talas,3+1,17500.0
Melikgazi / Kazımkarabekir,3+1,14500.0
Kocasinan / Fevziçakmak,3+1,16500.0
Melikgazi / Mimarsinan,4+1,19500.0
Melikgazi / Becen,2+1,11000.0
Yahyalı,2.5+1,15000.0
Melikgazi / Mimarsinan,3+1,11000.0
Talas,3+1,17500.0
Kocasinan / Sanayi,3+1,10000.0
Talas,3+1,16500.0
Kocasinan / Sanayi,4+1,18750.0
Kocasinan / İldem/Beyazşehir,2+1,10000.0
Kocasinan / İldem/Beyazşehir,2.5+1,16000.0
Melikgazi / Gesi,3+1,12500.0
Talas,3+1,15000.0
Talas,2+1,18000.0
Kocasinan / Merkez,4+0,15500.0
Kocasinan / Yenişehir,3+1,18500.0
Kocasinan / Yenişehir,3+1,14000.0
Talas,2.5+1,17000.0
Melikgazi / Kılıçaslan,3+1,19000.0
Kocasinan / Sanayi,3+1,11000.0
Kocasinan / Merkez,1+1,13000.0
Melikgazi / Mimarsinan,2+1,15000.0
Melikgazi / Mimarsinan,3+1,14000.0
Melikgazi / Merkez,3+1,13000.0
Melikgazi / Mimarsinan,3+1,15000.0
Kocasinan / Sanayi,3+1,16000.0
Kocasinan / İldem/Beyazşehir,2+1,10000.0
Melikgazi / Becen,2+1,11350.0
Talas,3+1,14000.0
Talas,2+1,16500.0
Kocasinan / Yenimahalle,3+1,9000.0
Melikgazi / Mimarsinan,3+1,14000.0
Talas,3+1,19500.0
Talas,3+1,18750.0
Kocasinan / Argıncık,3+1,14000.0
Kocasinan / Erkilet,2.5+1,17500.0
Kocasinan / Merkez,2+1,18250.0
Talas,3+1,19000.0
Melikgazi / Gesi,3+1,18000.0
Melikgazi / Şeker/Keykubat,2.5+1,14500.0
Talas,3+1,11000.0
Talas,3+1,18000.0
Talas,3+1,17750.0
Kocasinan / İldem/Beyazşehir,4+0,17000.0
Kocasinan / Sanayi,2+1,19000.0
Kocasinan / Yenişehir,3+1,18500.0
Kocasinan / Yenimahalle,3+1,18000.0
Kocasinan / Sanayi,3+1,18500.0
Kocasinan / Yenimahalle,3+1,11500.0
Melikgazi / Hürriyet,3+1,14750.0
Melikgazi / Hürriyet,2+1,10000.0
Talas,1+1,15750.0
Kocasinan / Yenişehir,3+1,10000.0
Melikgazi / Çiftlik,3+1,12000.0
Kocasinan / Erkilet,2+1,18000.0
Melikgazi / Mimarsinan,3+1,12000.0
Talas,3+1,18000.0
Talas,2+1,20000.0
Melikgazi / Merkez,3+1,20000.0
Talas,2+1,23000.0
Talas,2+1,29000.0
Melikgazi / Kılıçaslan,4+1,32000.0
Melikgazi / Hürriyet,2+1,20000.0
Kocasinan / Yenimahalle,3+1,26000.0
Melikgazi / Hürriyet,4+1,28500.0
Talas,2+1,23000.0
Talas,3.5+1,27500.0
Talas,2+1,22000.0
Talas,2+1,22500.0
Kocasinan / Fevziçakmak,3+1,23000.0
Melikgazi / Kılıçaslan,3+1,21000.0
Kocasinan / Fevziçakmak,3+1,22000.0
Melikgazi / Kılıçaslan,4+1,20000.0
Talas,3+1,21000.0
Melikgazi / Kılıçaslan,2+1,21000.0
Talas,3+1,24000.0
Talas,2+1,21000.0
Melikgazi / Şeker/Keykubat,3+1,20000.0
Melikgazi / Hürriyet,3+1,22000.0
Talas,4+1,28000.0
Kocasinan / Fevziçakmak,1+1,21950.0
Melikgazi / Kılıçaslan,4+1,35000.0
Melikgazi / Kılıçaslan,2+1,25000.0
Talas,2+1,27000.0
Talas,2+1,24250.0
Talas,2+1,24900.0
Melikgazi / Kılıçaslan,3+1,25000.0
Melikgazi / Kılıçaslan,3+1,21000.0
Kocasinan / Merkez,3+1,30000.0
Kocasinan / Merkez,3+1,23000.0
Talas,2.5+1,30000.0
Kocasinan / Yenimahalle,3+1,20000.0
Melikgazi / Kılıçaslan,3+1,22000.0
Talas,3+1,20000.0
Talas,3+1,29000.0
Talas,2.5+1,21500.0
Talas,5+4,27500.0
Melikgazi / Kılıçaslan,3+1,35000.0
Melikgazi / Kılıçaslan,4+1,25000.0
Melikgazi / Gesi,3+1,22500.0
Kocasinan / Yenişehir,3+1,21000.0
Melikgazi / Kılıçaslan,3+1,22500.0
Talas,3+1,25000.0
Talas,2+1,22000.0
Talas,3.5+1,30000.0
Talas,2.5+1,21500.0
Kocasinan / Fevziçakmak,3+1,30000.0
Talas,3+1,21000.0
Talas,2+1,21900.0
Talas,4+1,26000.0
Melikgazi / Kılıçaslan,4+1,37000.0
Talas,2.5+1,20000.0
Melikgazi / Merkez,3+1,20000.0
Talas,3+1,26000.0
Kocasinan / Erkilet,2+1,21500.0
Kocasinan / Yenişehir,3+1,25000.0
Kocasinan / Merkez,3+1,25000.0
Kocasinan / Merkez,2+1,23000.0
Melikgazi / Merkez,3+1,20000.0
Talas,3+1,23000.0
Kocasinan / Yenimahalle,3+1,26000.0
Melikgazi / Şeker/Keykubat,3+1,25000.0
Melikgazi / Kılıçaslan,3+1,24000.0
Talas,3+1,24000.0
Talas,2.5+1,25000.0
Talas,3+1,22500.0
Melikgazi / Kazımkarabekir,3+1,25000.0
Kocasinan / Yenimahalle,2.5+1,26000.0
Talas,3+1,20000.0
Talas,3+1,25000.0
Melikgazi / Kılıçaslan,3+1,32500.0
Talas,3+1,20000.0
Talas,3+1,23000.0
Kocasinan / Fevziçakmak,4+1,27000.0
Melikgazi / Hürriyet,3+1,24000.0
Melikgazi / Kılıçaslan,4+1,26500.0
Kocasinan / Yenişehir,3+1,20000.0
Melikgazi / Kazımkarabekir,3.5+1,35000.0
Talas,1+1,20000.0
Melikgazi / Kılıçaslan,2.5+1,24000.0
Talas,3+1,20500.0
Kocasinan / Sanayi,3+1,21000.0
Kocasinan / Fevziçakmak,4+1,27000.0
Talas,4+1,35000.0
Talas,2+1,20000.0
Kocasinan / Yenimahalle,3.5+1,25000.0
Talas,4+1,32000.0
Melikgazi / Şeker/Keykubat,4+1,23000.0
Talas,2+1,27000.0
Kocasinan / Merkez,3+1,28000.0
Kocasinan / Yenimahalle,3+1,26000.0
Kocasinan / Merkez,3+1,20000.0
Talas,2+1,24500.0
Kocasinan / Fevziçakmak,3+1,25500.0
Talas,3+1,22000.0
Talas,2+1,30000.0
Melikgazi / Kılıçaslan,3+1,26000.0
Talas,3+1,23000.0
Kocasinan / Merkez,3+1,29900.0
Melikgazi / Becen,4+1,37000.0
Melikgazi / Kılıçaslan,3+1,30000.0
Kocasinan / Fevziçakmak,3+1,24000.0
Kocasinan / Merkez,3+1,21000.0
Melikgazi / Kılıçaslan,3+1,27500.0
Melikgazi / Hürriyet,4+1,28500.0
Talas,3+1,22000.0
Kocasinan / Fevziçakmak,3+1,22000.0
Melikgazi / Kılıçaslan,4.5+1,36000.0
Melikgazi / Şeker/Keykubat,3+1,20000.0
Talas,2.5+1,20000.0
Talas,3+1,21000.0
Melikgazi / Mimarsinan,3+1,22000.0
Talas,2+1,31000.0
Melikgazi / Gesi,2+1,20000.0
Talas,3+1,26000.0
Melikgazi / Kılıçaslan,2.5+1,36500.0
Melikgazi / Kılıçaslan,4.5+1,22500.0
Melikgazi / Kazımkarabekir,3+1,25000.0
Talas,2.5+1,20000.0
Melikgazi / Kazımkarabekir,1+1,20000.0
Melikgazi / Kılıçaslan,3+1,20000.0
Kocasinan / Yenimahalle,4+1,25000.0
Talas,3+1,29000.0
Melikgazi / Kıranardı,3+1,25000.0
Talas,3+1,21000.0
Kocasinan / Sanayi,4+1,21000.0
Talas,3+1,20000.0
Talas,2+1,27500.0
Talas,3+1,25000.0
Talas,3+1,26000.0
Melikgazi / Hisarcık,5+2,37000.0
Talas,3+1,20000.0
Talas,3+1,26000.0
Kocasinan / Erkilet,3+1,20000.0
Kocasinan / Yenişehir,3+1,26000.0
Melikgazi / Kılıçaslan,3+1,30000.0
Talas,3+1,24000.0
Talas,4+1,30000.0
Melikgazi / Kılıçaslan,3+1,20000.0
Talas,2+1,23000.0
Talas,4+1,26000.0
Kocasinan / Merkez,2.5+1,24000.0
Melikgazi / Kılıçaslan,2+1,20000.0
Kocasinan / Sanayi,4+1,28000.0
Kocasinan / Fevziçakmak,3+1,22000.0
Talas,2+1,24995.0
Kocasinan / Merkez,2+1,25000.0
Melikgazi / Şeker/Keykubat,2+1,26000.0
Talas,3+1,20000.0
Kocasinan / Yenimahalle,3+1,21000.0
Talas,2.5+1,24600.0
Kocasinan / Sanayi,2+1,20000.0
Melikgazi / Kılıçaslan,4+1,30000.0
Talas,3+1,23500.0
Melikgazi / Hürriyet,3+1,22000.0
Kocasinan / Fevziçakmak,4+1,27000.0
Melikgazi / Kılıçaslan,4.5+1,30000.0
Melikgazi / Hürriyet,3+1,20000.0
Talas,1+1,25000.0
Talas,3+1,27000.0
Talas,2+1,25000.0
Kocasinan / Erkilet,3+1,21000.0
Talas,4+1,23000.0
Kocasinan / Sanayi,2.5+1,20000.0
Kocasinan / Erkilet,3+1,22500.0
Kocasinan / Sanayi,4+1,28000.0
Kocasinan / Sanayi,1+1,21495.0
Melikgazi / Mimarsinan,4+1,24000.0
Kocasinan / Yenimahalle,2+1,25000.0
Talas,2+1,25000.0
Talas,3+1,25000.0
Talas,2.5+1,26000.0
Melikgazi / Şeker/Keykubat,3+1,28000.0
Talas,3+1,28000.0
Talas,3+1,25000.0
Kocasinan / Erkilet,3+1,23000.0
Talas,2.5+1,22000.0
Melikgazi / Kılıçaslan,3+1,23000.0
Talas,3+1,20000.0
Kocasinan / Yenişehir,3+1,23500.0
Talas,3+1,23000.0
Talas,1+1,20000.0
Kocasinan / Fevziçakmak,4+1,20500.0
Melikgazi / Mimarsinan,3+1,20000.0
Kocasinan / Erkilet,3+1,20000.0
Melikgazi / Hürriyet,3+1,26500.0
Talas,2.5+1,20500.0
Melikgazi / Çiftlik,3+1,25000.0
Melikgazi / Kılıçaslan,3+1,23000.0
Talas,2+1,22750.0
Melikgazi / Şeker/Keykubat,3+1,22000.0
Kocasinan / Fevziçakmak,3+1,23000.0
Kocasinan / Yenişehir,3+1,20000.0
Talas,3+1,20500.0
Talas,2+1,22000.0
Melikgazi / Kılıçaslan,4+1,33000.0
Kocasinan / Yenimahalle,3+1,20000.0
Melikgazi / Kılıçaslan,3+1,20000.0
Melikgazi / Hürriyet,3+1,21500.0
Talas,3+1,22000.0
Talas,3+1,26500.0
Melikgazi / Kılıçaslan,4+1,33000.0
Talas,2+1,30000.0
Talas,3+1,20750.0
Kocasinan / Yenimahalle,3+1,26000.0
Talas,3+1,21000.0
Talas,3+1,20000.0
Talas,4+1,29000.0
Talas,2+1,25000.0
Talas,1+1,20000.0
Melikgazi / Hürriyet,3+1,25000.0
Melikgazi / Kılıçaslan,4+1,32000.0
Talas,2.5+1,25000.0
Talas,3+1,22000.0
Talas,2+1,29000.0
Talas,2+1,20000.0
Melikgazi / Gesi,2+1,20000.0
Melikgazi / Kılıçaslan,3+1,26000.0
Kocasinan / Yenişehir,3+1,26000.0
Melikgazi / Kılıçaslan,2+1,35000.0
Talas,2.5+1,35000.0
Kocasinan / Yenişehir,3+1,20000.0
Talas,2+1,23500.0
Melikgazi / Kılıçaslan,4+1,24000.0
Talas,3+1,26500.0
Talas,2+1,21000.0
Talas,3+1,21500.0
Talas,4+1,32000.0
Kocasinan / Erkilet,2+1,21500.0
Kocasinan / Fevziçakmak,4+1,27000.0
Melikgazi / Kılıçaslan,3+1,21500.0
Kocasinan / Merkez,2.5+1,31000.0
Melikgazi / Hürriyet,2+1,22000.0
Melikgazi / Kılıçaslan,3+1,20000.0
Talas,2+1,25000.0
Talas,3+1,23500.0
Kocasinan / Yenimahalle,3.5+1,30000.0
Talas,2.5+1,22000.0
Kocasinan / Yenimahalle,3+0,23500.0
Melikgazi / Gesi,3+1,23500.0
Talas,1+1,22500.0
Talas,3+1,26500.0
Kocasinan / Erkilet,2+1,30000.0
Melikgazi / Kılıçaslan,3+1,23000.0
Kocasinan / Yenimahalle,3+1,26000.0
Talas,2.5+1,30000.0
Talas,2+1,20000.0
Melikgazi / Kazımkarabekir,3+1,20500.0
Talas,2+1,21000.0
Kocasinan / Yenimahalle,3+1,27000.0
Melikgazi / Mimarsinan,3+1,22000.0
Melikgazi / Kılıçaslan,2+1,35500.0
Talas,2+1,24000.0
Kocasinan / Merkez,3+1,22000.0
Melikgazi / Merkez,1+1,20995.0
Kocasinan / Merkez,3+1,22000.0
Talas,3+1,23500.0
Talas,3+1,25000.0
Kocasinan / Merkez,4+1,38000.0
Kocasinan / Fevziçakmak,3+1,23000.0
Melikgazi / Becen,1+1,20000.0
Melikgazi / Kılıçaslan,5+1,34000.0
Talas,3+1,24000.0
Talas,1+1,25000.0
Talas,3+1,20000.0
Talas,3+1,22000.0
Kocasinan / Merkez,3+1,20000.0
Kocasinan / Fevziçakmak,3+1,20000.0
Melikgazi / Merkez,4+2,25000.0
Kocasinan / Merkez,4+1,33000.0
Melikgazi / Gesi,3+1,20000.0
Talas,4+1,36000.0
Melikgazi / Kılıçaslan,4+1,37000.0
Kocasinan / Merkez,3+1,20000.0
Talas,2.5+1,23000.0
Talas,3+1,21500.0
Talas,3+1,21000.0
Kocasinan / Erkilet,4+1,20100.0
Melikgazi / Becen,2+1,36000.0
Talas,1+1,25000.0
Talas,3+1,23000.0
Melikgazi / Gesi,3+1,21000.0
Melikgazi / Mimarsinan,3+1,21000.0
Melikgazi / Kılıçaslan,2.5+1,23000.0
Melikgazi / Kılıçaslan,1+1,22000.0
Kocasinan / Argıncık,4+1,33000.0
Melikgazi / Gesi,4+1,22000.0
Melikgazi / Kılıçaslan,3+1,23000.0
Melikgazi / Şeker/Keykubat,3+1,20000.0
Melikgazi / Kılıçaslan,3+1,26500.0
Melikgazi / Gesi,2.5+1,25000.0
Melikgazi / Mimarsinan,3+1,20000.0
Talas,3+1,21000.0
Melikgazi / Kılıçaslan,3+1,20000.0
Talas,4+1,20000.0
Kocasinan / Fevziçakmak,4+1,25000.0
Kocasinan / Yenimahalle,5+1,22000.0
Talas,3+1,20000.0
Melikgazi / Kılıçaslan,4+1,30000.0
Melikgazi / Gesi,3+1,21000.0
Melikgazi / Gesi,2+1,20000.0
Kocasinan / Erkilet,3+1,20000.0
Kocasinan / Erkilet,3+1,21000.0
Melikgazi / Hürriyet,1+1,21995.0
Kocasinan / Yenişehir,3+1,20000.0
Melikgazi / Kılıçaslan,3+1,30000.0
Talas,3+1,25000.0
Melikgazi / Kılıçaslan,4+1,33500.0
Kocasinan / Argıncık,3+1,25000.0
Talas,3+1,20500.0
Kocasinan / Sanayi,3+1,20000.0
Melikgazi / Hürriyet,2+1,20000.0
Talas,2+1,21000.0
Melikgazi / Kılıçaslan,3+1,35000.0
Talas,1+1,21995.0
Talas,2.5+1,22000.0
Talas,2+1,25000.0
Talas,3+1,20500.0
Melikgazi / Mimarsinan,4+1,22000.0
Kocasinan / Merkez,4+1,28000.0
Kocasinan / Fevziçakmak,1+1,21950.0
Kocasinan / Merkez,2+1,24950.0
Talas,2+1,25000.0
Melikgazi / Kılıçaslan,3+1,24000.0
Talas,4+1,24950.0
Kocasinan / Merkez,2+1,23000.0
Kocasinan / Sanayi,2+1,31000.0
Melikgazi / Şeker/Keykubat,3+1,21500.0
Kocasinan / Fevziçakmak,3+1,25500.0
Talas,3+1,20000.0
Talas,10 Üzeri,20000.0
Talas,4+1,26000.0
Talas,3+1,20000.0
Talas,2+1,27000.0
Kocasinan / Merkez,3+1,23000.0
Melikgazi / Kılıçaslan,4+1,35000.0
Kocasinan / Sanayi,3+1,23000.0
Melikgazi / Mimarsinan,4+1,20000.0
Hacılar,3+1,39000.0
Kocasinan / Fevziçakmak,4+1,31000.0
Talas,2.5+1,30000.0
Talas,3+1,20000.0
Melikgazi / Kılıçaslan,3+1,22000.0
Melikgazi / Kılıçaslan,4+1,30000.0
Kocasinan / İldem/Beyazşehir,3+1,25000.0
Talas,2.5+1,21000.0
Kocasinan / Sanayi,1+1,21995.0
Talas,2.5+1,26500.0
Talas,2.5+1,25000.0
Talas,2+1,23000.0
Melikgazi / Hürriyet,3+1,25000.0
Melikgazi / Kılıçaslan,3+1,25500.0
Talas,1+1,25000.0
Talas,3+1,20000.0
Talas,4+1,20000.0
Kocasinan / Erkilet,3+1,24000.0
Kocasinan / Yenimahalle,4+1,24500.0
Melikgazi / Kılıçaslan,4+1,35000.0
Talas,3+1,22500.0
Talas,3+1,21000.0
Melikgazi / Kılıçaslan,4+1,30000.0
Talas,1+1,22000.0
Melikgazi / Kılıçaslan,4+1,32000.0
Melikgazi / Merkez,3+1,22000.0
Talas,2.5+1,23000.0
Kocasinan / Merkez,2.5+1,28000.0
Melikgazi / Hürriyet,3+1,21000.0
Talas,1+1,20000.0
Kocasinan / Yenişehir,3+1,20000.0
Melikgazi / Mimarsinan,3+1,20000.0
Talas,2.5+1,20000.0
Melikgazi / Kılıçaslan,3+1,27000.0
Kocasinan / Fevziçakmak,3+1,20000.0
Kocasinan / Yenimahalle,4+1,25499.0
Talas,3+1,20000.0
Melikgazi / Kılıçaslan,4+1,27500.0
Kocasinan / Argıncık,4+1,28500.0
Talas,2+1,23000.0
Talas,3+1,21000.0
Talas,4+1,28000.0
Talas,4+1,21000.0
Talas,3+1,23000.0
Melikgazi / Kılıçaslan,3+1,35000.0
Kocasinan / Yenimahalle,3+1,26000.0
Melikgazi / Merkez,1+1,20995.0
Kocasinan / Yenişehir,3+1,22000.0
Melikgazi / Kılıçaslan,2+1,26000.0
Melikgazi / Kılıçaslan,3+1,20000.0
Melikgazi / Kılıçaslan,3+1,32000.0
Melikgazi / Kılıçaslan,3+1,20000.0
Melikgazi / Hürriyet,3+1,20500.0
Talas,3+1,22000.0
Melikgazi / Hürriyet,3+1,24000.0
Kocasinan / Sanayi,2+1,24000.0
Talas,2+1,23500.0
Talas,3+1,22500.0
Talas,2.5+1,23000.0
Kocasinan / Merkez,4+1,28000.0
Kocasinan / Fevziçakmak,3+1,20000.0
Melikgazi / Hürriyet,4+1,26500.0
Talas,2.5+1,32000.0
Talas,2.5+1,24000.0
Talas,4+1,21000.0
Melikgazi / Kılıçaslan,3+1,22500.0
Kocasinan / Yenimahalle,4+1,25000.0
Talas,4+1,20000.0
Melikgazi / Mimarsinan,3+1,22000.0
Talas,2+1,21500.0
Kocasinan / Fevziçakmak,4+1,25000.0
Melikgazi / Kılıçaslan,5+2,25000.0
Kocasinan / Merkez,2.5+1,21000.0
Melikgazi / Mimarsinan,4+1,25000.0
Talas,3+1,21000.0
Talas,4+1,32000.0
Talas,2.5+1,25000.0
Talas,2.5+1,23000.0
Kocasinan / Erkilet,3+1,22000.0
Kocasinan / Erkilet,3.5+1,22000.0
Kocasinan / Merkez,2+1,22500.0
Melikgazi / Hürriyet,3+1,21000.0
Talas,2+1,29000.0
Melikgazi / Kılıçaslan,4+1,25000.0
Melikgazi / Kılıçaslan,4+1,32000.0
Talas,3+1,22500.0
Kocasinan / Yenimahalle,4+1,30000.0
Talas,3+1,30000.0
Talas,2+1,27500.0
Talas,2+1,22000.0
Melikgazi / Hürriyet,4+1,26000.0
Talas,2+1,22000.0
Talas,2+1,23900.0
Talas,2.5+1,20000.0
Melikgazi / Kılıçaslan,4+1,37000.0
Melikgazi / Merkez,3+1,21000.0
Kocasinan / Yenişehir,3+1,25000.0
Melikgazi / Kılıçaslan,3+1,32000.0
Talas,3+1,23000.0
Melikgazi / Mimarsinan,3+1,21000.0
Kocasinan / Fevziçakmak,4+1,25500.0
Talas,3+1,23750.0
Talas,2+1,20000.0
Talas,3+1,24000.0
Kocasinan / Fevziçakmak,1+1,21990.0
Talas,3+1,26000.0
Kocasinan / Yenişehir,4+1,33000.0
Kocasinan / Yenişehir,2.5+1,20500.0
Talas,2.5+1,26500.0
Melikgazi / Kılıçaslan,3+1,25000.0
Talas,3.5+1,20500.0
Talas,3+1,20000.0
Kocasinan / Erkilet,3+1,20500.0
Talas,3+1,25000.0
Talas,3+1,22500.0
Kocasinan / Merkez,2+1,20650.0
Melikgazi / Kılıçaslan,3+1,25000.0
Talas,1+1,26000.0
Talas,4+1,25000.0
Talas,2+1,32000.0
Talas,3+1,25000.0
Talas,3+1,24000.0
Talas,4+1,26000.0
Talas,3+1,25000.0
Talas,1+1,25000.0
Talas,2+1,22000.0
Talas,3+1,20000.0
Kocasinan / Erkilet,3+1,22000.0
Kocasinan / Fevziçakmak,1+1,20250.0
Talas,2+1,21000.0
Melikgazi / Kılıçaslan,4+1,32000.0
Talas,2.5+1,23000.0
Melikgazi / Kılıçaslan,4+1,26500.0
Melikgazi / Kılıçaslan,4+1,20000.0
Talas,1+1,20000.0
Talas,3+1,22000.0
Talas,4+1,25000.0
Kocasinan / Sanayi,4+1,30000.0
Kocasinan / Merkez,4+1,35000.0
Talas,2+1,21000.0
Melikgazi / Kılıçaslan,3+1,30000.0
Talas,3+1,21000.0
Melikgazi / Kılıçaslan,3+1,25500.0
Kocasinan / Yenişehir,3+1,20000.0
Kocasinan / Yenimahalle,4+1,28000.0
Talas,2+1,25000.0
Melikgazi / Merkez,3+1,25000.0
Talas,1+1,20000.0
Talas,2.5+1,21000.0
Yahyalı,3+1,20000.0
Kocasinan / Merkez,4+1,32000.0
Talas,2.5+1,29000.0
Melikgazi / Kılıçaslan,3+1,35000.0
Talas,2+1,32000.0
Kocasinan / Fevziçakmak,3+1,22500.0
Talas,2+1,29000.0
Melikgazi / Hürriyet,4+1,32000.0
Talas,1+1,20000.0
Talas,1+1,20000.0
Talas,3+1,22000.0
Melikgazi / Hürriyet,Stüdyo (1+0),21950.0
Kocasinan / Fevziçakmak,1+1,20750.0
Talas,2.5+1,23750.0
Kocasinan / Yenimahalle,4+1,28000.0
Talas,4+1,20000.0
Kocasinan / Yenimahalle,3+1,20000.0
Talas,1+1,22000.0
Talas,2+1,29500.0
Melikgazi / Hürriyet,6+2,21000.0
Kocasinan / Yenimahalle,3+1,22000.0
Melikgazi / Kılıçaslan,4.5+1,25500.0
Melikgazi / Kılıçaslan,3+1,30000.0
Talas,2+1,24750.0
Talas,4+1,26000.0
Melikgazi / Kılıçaslan,3+1,23750.0
Kocasinan / Yenişehir,3+1,20000.0
Talas,2.5+1,24000.0
Talas,2.5+1,26000.0
Melikgazi / Kılıçaslan,3+1,30000.0
Talas,3+1,25000.0
Kocasinan / Merkez,4+1,29500.0
Kocasinan / Argıncık,4+1,32750.0
Talas,4+1,20000.0
Melikgazi / Kazımkarabekir,3+1,20500.0
Talas,3+1,20000.0
Melikgazi / Kılıçaslan,3+1,20500.0
Melikgazi / Merkez,3+1,20000.0
Melikgazi / Kılıçaslan,3+1,25000.0
Talas,3+1,29500.0
Melikgazi / Hürriyet,3+1,25000.0
Talas,3+1,21500.0
Kocasinan / Erkilet,3+1,21000.0
Talas,2.5+1,20000.0
Talas,2+1,21000.0
Talas,3.5+1,25000.0
Kocasinan / Merkez,2+1,20500.0
Talas,2+1,24000.0
Melikgazi / Hürriyet,4+1,26500.0
Talas,2.5+1,20000.0
Kocasinan / Fevziçakmak,3+1,25000.0
Melikgazi / Mimarsinan,3+1,20000.0
Melikgazi / Mimarsinan,4+1,20000.0
Kocasinan / Erkilet,4+1,20000.0
Kocasinan / Fevziçakmak,3+1,21500.0
Melikgazi / Şeker/Keykubat,3.5+1,23000.0
Melikgazi / Mimarsinan,4+1,20000.0
Talas,3+1,25000.0
Kocasinan / Merkez,2+1,25000.0
Talas,2.5+1,22000.0
Melikgazi / Kılıçaslan,3+1,23000.0
Talas,3.5+1,24000.0
Melikgazi / Kılıçaslan,3+1,20500.0
Talas,2+1,30950.0
Kocasinan / Yenişehir,3+1,28500.0
Melikgazi / Kılıçaslan,4+1,33000.0
Kocasinan / Erkilet,3+1,20000.0
Talas,3+1,28000.0
Kocasinan / Yenimahalle,3+1,25000.0
Melikgazi / Gesi,3+1,20000.0
Talas,2+1,27000.0
Melikgazi / Kılıçaslan,3+1,25000.0
Kocasinan / Yenişehir,4+1,26000.0
Kocasinan / Merkez,3+1,28000.0
Melikgazi / Kılıçaslan,4+1,33000.0
Talas,2+1,24000.0
Kocasinan / Yenimahalle,4+1,27000.0
Melikgazi / Becen,4+1,36000.0
Melikgazi / Kılıçaslan,2+1,21000.0
Melikgazi / Kılıçaslan,2+1,20000.0
Talas,2+1,27000.0
Melikgazi / Kılıçaslan,3+1,25000.0
Melikgazi / Hürriyet,3+1,24000.0
Talas,3+1,25000.0
Kocasinan / Merkez,3.5+1,38500.0
Kocasinan / Fevziçakmak,1+1,20500.0
Kocasinan / Yenimahalle,3+1,22000.0
Kocasinan / Merkez,3+1,29000.0
Talas,3+1,30500.0
Talas,2+1,22500.0
Talas,3+1,20000.0
Kocasinan / Merkez,4+1,30000.0
Kocasinan / Yenişehir,3+1,25500.0
Talas,3+1,25500.0
Talas,2.5+1,22000.0
Kocasinan / Fevziçakmak,3+1,25500.0
Talas,2.5+1,23000.0
Melikgazi / Kılıçaslan,3+1,20000.0
Kocasinan / Yenişehir,3+1,20500.0
Melikgazi / Kılıçaslan,3+1,20000.0
Melikgazi / Kılıçaslan,3+1,20000.0
Melikgazi / Kılıçaslan,2.5+1,35000.0
Melikgazi / Kılıçaslan,3+1,20550.0
Talas,3+1,21000.0
Kocasinan / Merkez,3+1,26500.0
Talas,2.5+1,20000.0
Talas,4+1,35000.0
Melikgazi / Kılıçaslan,4+1,25000.0
Melikgazi / Becen,3+1,27000.0
Kocasinan / İldem/Beyazşehir,3+1,21000.0
Kocasinan / Erkilet,3+1,20500.0
Talas,3+1,26500.0
Talas,2+1,29000.0
Melikgazi / Kılıçaslan,4+1,27000.0
Kocasinan / Sanayi,2+1,23500.0
Kocasinan / Yenimahalle,3+1,21500.0
Melikgazi / Kılıçaslan,3+1,25000.0
Melikgazi / Hürriyet,2+1,20000.0
Melikgazi / Kılıçaslan,3+1,25000.0
Talas,2.5+1,25000.0
Talas,2+1,20500.0
Talas,2.5+1,31000.0
Melikgazi / Kılıçaslan,4.5+1,35000.0
Kocasinan / Merkez,4+1,36000.0
Kocasinan / Yenişehir,3+1,23500.0
Melikgazi / Kılıçaslan,3+1,28000.0
Talas,3+1,20000.0
Talas,1+1,25000.0
Kocasinan / Erkilet,3+1,37000.0
Melikgazi / Kılıçaslan,3.5+1,27000.0
Kocasinan / Fevziçakmak,3+1,20000.0
Talas,2+1,25000.0
Melikgazi / Mimarsinan,3+1,23000.0
Kocasinan / Merkez,4+1,28000.0
Melikgazi / Kılıçaslan,3+1,24000.0
Melikgazi / Hürriyet,3+1,24000.0
Kocasinan / Sanayi,2+1,20000.0
Kocasinan / Yenimahalle,3+1,22000.0
Melikgazi / Kılıçaslan,3+1,20000.0
Melikgazi / Hürriyet,4+1,30000.0
Talas,2.5+1,28500.0
Melikgazi / Merkez,3+1,22500.0
Talas,3+1,20500.0
Talas,2.5+1,25000.0
Melikgazi / Kılıçaslan,3+1,22500.0
Talas,4+1,23500.0
Talas,2.5+1,25000.0
Talas,3+1,27000.0
Melikgazi / Kılıçaslan,4+1,35000.0
Talas,3+1,20000.0
Melikgazi / Gesi,3+1,28000.0
Talas,3+1,20000.0
Talas,2.5+1,25000.0
Melikgazi / Gesi,4+1,24000.0
Talas,3.5+1,30500.0
Kocasinan / Merkez,2+1,22000.0
Talas,3+1,20000.0
Talas,3+1,28000.0
Talas,2+1,23900.0
Melikgazi / Hürriyet,3+1,26000.0
Talas,2+1,20000.0
Kocasinan / Merkez,3+1,22500.0
Kocasinan / Yenimahalle,4+1,33000.0
Talas,2.5+1,23000.0
Talas,2.5+1,27500.0
Melikgazi / Kılıçaslan,3+1,23000.0
Talas,2+1,28000.0
Talas,2.5+1,22500.0
Kocasinan / Erkilet,3+1,25000.0
Talas,2+1,21000.0
Melikgazi / Becen,4+1,22000.0
Melikgazi / Becen,3+1,20000.0
Kocasinan / Merkez,4+1,36000.0
Talas,3+1,20000.0
Talas,4+1,30000.0
Kocasinan / Fevziçakmak,4+1,28000.0
Melikgazi / Hürriyet,5+1,25000.0
Melikgazi / Kılıçaslan,3+1,27000.0
Talas,2.5+1,28000.0
Melikgazi / Kılıçaslan,3+1,28000.0
Kocasinan / Erkilet,3+1,21000.0
Melikgazi / Kılıçaslan,3+1,25000.0
Talas,3+1,23500.0
Talas,2.5+1,20000.0
Melikgazi / Kılıçaslan,4+1,37000.0
Talas,3+1,20000.0
Talas,3+1,25000.0
Talas,2+1,29000.0
Talas,2.5+1,23000.0
Talas,4+1,23000.0
Talas,3+1,25000.0
Talas,3+1,25000.0
Melikgazi / Kılıçaslan,3.5+1,32000.0
Talas,2+1,26000.0
Talas,3+1,24995.0
Talas,1+1,22000.0
Talas,1+1,22000.0
Talas,2.5+1,20000.0
Talas,4+1,21000.0
Talas,2+1,26000.0
Kocasinan / Sanayi,4+1,28000.0
Kocasinan / Merkez,4+1,24500.0
Melikgazi / Kazımkarabekir,3+1,25000.0
Kocasinan / Argıncık,4+1,30000.0
Kocasinan / Fevziçakmak,1+1,20000.0
Kocasinan / Fevziçakmak,1+1,21995.0
Talas,2+1,29000.0
Melikgazi / Hürriyet,2+1,24995.0
Melikgazi / Hürriyet,2+1,24995.0
Talas,2+1,29000.0
Talas,2+1,29000.0
Melikgazi / Kılıçaslan,4+1,40000.0
Melikgazi / Hürriyet,3.5+1,45000.0
Talas,4+1,49500.0
Kocasinan / Fevziçakmak,5+1,47500.0
Talas,4+1,44000.0
Melikgazi / Kılıçaslan,4+1,40000.0
Melikgazi / Becen,4+1,40000.0
Melikgazi / Mimarsinan,3.5+1,49500.0
Melikgazi / Kılıçaslan,6+2,50000.0
Melikgazi / Becen,3.5+1,50000.0
Melikgazi / Hürriyet,3+1,45000.0
Melikgazi / Kılıçaslan,4+1,50000.0
Melikgazi / Becen,3.5+1,58000.0
Melikgazi / Kılıçaslan,6+2,50000.0
Melikgazi / Becen,5+1,45000.0
Melikgazi / Kılıçaslan,5+1,56000.0
Kocasinan / Fevziçakmak,4+1,40000.0
Talas,4+1,44000.0
Melikgazi / Kılıçaslan,4+1,45000.0
Melikgazi / Kılıçaslan,4+1,45000.0
Talas,5+1,50000.0
Melikgazi / Becen,4+1,40000.0
Kocasinan / Merkez,4+1,45000.0
Melikgazi / Gesi,5+1,50000.0
Melikgazi / Mimarsinan,6+2,45000.0
Melikgazi / Hürriyet,4+1,41950.0
Melikgazi / Hürriyet,3.5+1,47000.0
Melikgazi / Kılıçaslan,4+1,40500.0
Melikgazi / Kılıçaslan,4+1,45000.0
Talas,5+1,55000.0
Kocasinan / Fevziçakmak,4+1,47500.0
Melikgazi / Gesi,3+1,55000.0
Melikgazi / Kılıçaslan,5+1,45000.0
Talas,4+1,40000.0
Melikgazi / Kılıçaslan,5+1,57000.0
Kocasinan / Merkez,4+1,40000.0
Melikgazi / Becen,4.5+1,41000.0
Talas,4+1,50000.0
Kocasinan / Fevziçakmak,4+1,50000.0
Kocasinan / Merkez,3.5+1,40000.0
Talas,3+1,40000.0
Melikgazi / Kılıçaslan,6+1,42500.0
Melikgazi / Kılıçaslan,4+1,48000.0
Kocasinan / Erkilet,5+1,65000.0
Kocasinan / Erkilet,5+1,64000.0
Melikgazi / Becen,3+1,70000.0
Kocasinan / Sanayi,5+1,65000.0
Melikgazi / Gesi,4+1,65000.0
Melikgazi / Hürriyet,8+2,69500.0
Melikgazi / Becen,4+1,65000.0
Talas,3+1,69000.0
Melikgazi / Merkez,4+1,75000.0
Melikgazi / Gesi,4+2,70000.0
Kocasinan / Erkilet,5+1,64000.0
Melikgazi / Kılıçaslan,4+1,60000.0
Melikgazi / Becen,5+2,85000.0
Melikgazi / Becen,8+1,95000.0
Melikgazi / Kılıçaslan,4.5+1,60000.0
Melikgazi / Becen,8+3,95000.0
Kocasinan / Sanayi,5+1,80000.0
Melikgazi / Hürriyet,3+2,60000.0
Melikgazi / Becen,5+1,69000.0
Melikgazi / Becen,6+2,75000.0
Melikgazi / Hürriyet,3+1,60000.0
Melikgazi / Becen,5+1,78000.0
Melikgazi / Becen,5+1,150000.0
Talas,3.5+1,350000.0
Melikgazi / Kılıçaslan,4.5+1,100000.0
Melikgazi / Becen,7+1,150000.0
Melikgazi / Becen,8+1,130000.0
Melikgazi / Becen,4.5+1,140000.0
Melikgazi / Becen,4.5+1,100000.0
Melikgazi / Becen,4.5+1,110000.0
Kocasinan / Erkilet,4+1,270000.0
Melikgazi / Kılıçaslan,2+1,200000.0
Talas,3+1,299000.0
Kocasinan / Argıncık,4+1,320000.0
Melikgazi / Kılıçaslan,3+1,500000.0
Melikgazi / Becen,4+1,210000.0
Melikgazi / Becen,6+2,100000.0
Melikgazi / Becen,10 Üzeri,155000.0
Kocasinan / Argıncık,3+1,240000.0
Melikgazi / Kılıçaslan,4+1,300000.0
Melikgazi / Becen,8+2,100000.0
Kocasinan / Fevziçakmak,3+1,270000.0
Melikgazi / Çiftlik,3+1,135000.0
Melikgazi / Kılıçaslan,4.5+1,600000.0
Melikgazi / Kılıçaslan,4+1,375000.0
Kocasinan / Fevziçakmak,3+1,275000.0
Melikgazi / Merkez,3+1,150000.0
